,Código,Nome,Procedência,Qtd.,Un.,Custo,nome_peca
0,120134,"BOBINA CHAPA LQ 2.00 X 1,20 A36/CIVIL300",Nacional - 0,25.08,KG,139.75,030751 - CORPO DA TAMPA LATERAL M17 - TAMPA LATERAL (M17) CBH 4
1,120547,BOBINA CHAPA LQ 2.65 X 1500 A36/CIVIL300,Nacional - 0,25.42,KG,149.07,493211 - CHAPEAM TAMPA TRASEIRA (4500) CBHM
2,120137,"BOBINA CHAPA LQ 2.00 X 1,50 A36/CIVIL300",Nacional - 0,9.13,KG,65.9,033785 - REFORÇO DOBRADO [GRADE LATERAL SUPERIOR - CBHL6000]
3,120547,BOBINA CHAPA LQ 2.65 X 1500 A36/CIVIL300,Nacional - 0,0.93,KG,5.45,"031018 - COLUNA LATERAL ALT 45- ESTRUTURA GRADE TRASEIRA/LATERAL - S3,2/4,0MD"
4,120136,"BOBINA CHAPA LQ 2.25 X 1,20 A36/CIVIL300",Nacional - 0,59.2,KG,341.28,030341 - PISO DIR PLATAF M17 (3500/5000/8000) CBHM
5,120203,"BOBINA CHAPA LQ 6.30 X 1,20 1008/1010",Nacional - 0,0.27,KG,1.55,425801 - GUIA DA PLATAFORMA CBHM
6,120203,"BOBINA CHAPA LQ 6.30 X 1,20 1008/1010",Nacional - 0,0.37,KG,2.12,468745 - REFORCO PONTA DE EIXO TANDEM FA6
7,120203,"BOBINA CHAPA LQ 6.30 X 1,20 1008/1010",Nacional - 0,6.71,KG,38.48,425187 - REFORÇO CENTRAL CBHM
8,120305,"BOBINA CHAPA LQ 4.75 X 1,20 A36/CIVIL300",Nacional - 0,2.27,KG,6.4,030318 - TRANSVERSINA DIANTEIRA M17 CHASSI CBHM/CBH
9,120305,"BOBINA CHAPA LQ 4.75 X 1,20 A36/CIVIL300",Nacional - 0,4.11,KG,11.59,"013213 - FECHAM LAT TAMPA TRAS 1,10m CBHM"
10,120278,"BOBINA CHAPA LQ 3.75 X 1,20 A36/CIVIL300",Nacional - 0,0.3,KG,1.73,468540 - FECHAM FRONTAL - ICAM (M98) F4/6
11,120547,BOBINA CHAPA LQ 2.65 X 1500 A36/CIVIL300,Nacional - 0,74.1,KG,434.53,032849 - CHAPEAMENTO SUPERIOR [TAMPA TRAS ABL - CBH9 M22]
12,120157,"CHAPA GQ 3/8 (9,53) 1010",Nacional - 0,0.99,KG,5.63,030381 - FIXADOR MACACO M17 CHASSI CBHM/CBH
13,120278,"BOBINA CHAPA LQ 3.75 X 1,20 A36/CIVIL300",Nacional - 0,26.08,KG,150.66,030334 - LONGARINA DA PLATAFORMA M17 CBHM
14,120305,"BOBINA CHAPA LQ 4.75 X 1,20 A36/CIVIL300",Nacional - 0,33.35,KG,94.08,030317 - LONGARINA M17 CHASSI CBHM/CBH
15,120305,"BOBINA CHAPA LQ 4.75 X 1,20 A36/CIVIL300",Nacional - 0,0.84,KG,2.37,"032402 - FECHAMENTO _ EIXO DIANTEIRO-TRASEIRO-BALANCIM _ FA-FTC-CBH-CBHM 4,0T-6,0T"
16,120305,"BOBINA CHAPA LQ 4.75 X 1,20 A36/CIVIL300",Nacional - 0,0.65,KG,1.83,030368 - FECHAM DA TRANSVERSINA - CAÇAMBA SIMPLES GRAN/FORR (M17)
17,120305,"BOBINA CHAPA LQ 4.75 X 1,20 A36/CIVIL300",Nacional - 0,6.31,KG,17.8,460230 - CANT INF TAMPA TRASEIRA CBH
18,120278,"BOBINA CHAPA LQ 3.75 X 1,20 A36/CIVIL300",Nacional - 0,2.75,KG,15.89,460679 - TRANSV MENOR - PLAT (3500/5000) CBHM
19,120278,"BOBINA CHAPA LQ 3.75 X 1,20 A36/CIVIL300",Nacional - 0,3.43,KG,19.82,409686 - TRANSV INTERMEDIARIA CBHM
20,120278,"BOBINA CHAPA LQ 3.75 X 1,20 A36/CIVIL300",Nacional - 0,0.35,KG,2.02,465422 - FECHAM TRAS LONG CHASSI CBHM
21,120305,"BOBINA CHAPA LQ 4.75 X 1,20 A36/CIVIL300",Nacional - 0,20.45,KG,57.69,030591 - FECHAM TRAS CENTRAL - CAÇAMBA SIMPLES GRAN/FORR (M17) CBH ABERTURA LATERAL
22,120547,BOBINA CHAPA LQ 2.65 X 1500 A36/CIVIL300,Nacional - 0,50.73,KG,297.49,031206 - CHAPEAMENTO FRONTAL - CAÇAMBA M18
23,120305,"BOBINA CHAPA LQ 4.75 X 1,20 A36/CIVIL300",Nacional - 0,4.5,KG,12.69,025484 - TRANSV INTERMEDIARIA (A PARTIR DE AGOSTO/2013) CHASSI CBHM
24,120305,"BOBINA CHAPA LQ 4.75 X 1,20 A36/CIVIL300",Nacional - 0,2.14,KG,6.04,022263 - COMPLEM. TRANSV. INTERM. CENTRAL - CAÇAMBA GRAN/FORR (M12) CBH
25,120305,"BOBINA CHAPA LQ 4.75 X 1,20 A36/CIVIL300",Nacional - 0,0.36,KG,1.02,030375 - FIXADOR LAT INFERIOR - TAMPA LATERAL - CBH (M17)
26,120157,"CHAPA GQ 3/8 (9,53) 1010",Nacional - 0,6.23,KG,35.36,031045 - SAPATA MAIOR CHASSI CBHM
27,120157,"CHAPA GQ 3/8 (9,53) 1010",Nacional - 0,2.47,KG,14.02,409741 - SAPATA CHASSI CBHM
28,120157,"CHAPA GQ 3/8 (9,53) 1010",Nacional - 0,0.22,KG,1.27,494653 - DOBRADIÇA FUEIRO TRAS CBHM
29,120203,"BOBINA CHAPA LQ 6.30 X 1,20 1008/1010",Nacional - 0,2.37,KG,13.59,027552 - TIRA DE AÇO INFERIOR MENOR - ESTEIRA INTERMEDIÁRIA- MÁQ P/ COLHEITA DE FRUTAS
30,120203,"BOBINA CHAPA LQ 6.30 X 1,20 1008/1010",Nacional - 0,0.47,KG,2.69,030308 - CANT APOIO ROLO INF EST BORRACHA - CHASSI - MÁQ DE COLHEITA DE FRUTAS
31,120203,"BOBINA CHAPA LQ 6.30 X 1,20 1008/1010",Nacional - 0,2.42,KG,13.88,030106 - TIRA DE AÇO INFERIOR MENOR EXTRE - ESTEIRA INTERMEDIÁRIA- MÁQ P/ COLHEITA DE FRUTAS
32,120134,"BOBINA CHAPA LQ 2.00 X 1,20 A36/CIVIL300",Nacional - 0,26.54,KG,147.89,493107 - CHAPEAM - GRADE LATERAL 45 CM CBHM
33,120278,"BOBINA CHAPA LQ 3.75 X 1,20 A36/CIVIL300",Nacional - 0,1.03,KG,5.95,425953 - FECHAMENTO LAT GRADE 45 CM CBHM
34,120278,"BOBINA CHAPA LQ 3.75 X 1,20 A36/CIVIL300",Nacional - 0,14.1,KG,81.46,"029664 - TRANSVERSINA INTERMEDIÁRIA (Nº1 e 3) - PLATAFORMA S4,0ER"
35,120278,"BOBINA CHAPA LQ 3.75 X 1,20 A36/CIVIL300",Nacional - 0,0.14,KG,0.81,429764 - APOIO FEMEA ENG - GRADES CBHM
36,120278,"BOBINA CHAPA LQ 3.75 X 1,20 A36/CIVIL300",Nacional - 0,3.43,KG,19.82,031237 - CHAPEAMENTO DO FUEIRO M18 - FUEIRO DIANTEIRO SUPERIOR - CBH (M18)
37,120278,"BOBINA CHAPA LQ 3.75 X 1,20 A36/CIVIL300",Nacional - 0,0.26,KG,1.5,032317 - COMPL FECHAMENTO FUEIRO REFORÇO DIANTEIRO - CAÇAMBA M18
38,120278,"BOBINA CHAPA LQ 3.75 X 1,20 A36/CIVIL300",Nacional - 0,1.43,KG,8.26,466578 - FECHAM LAT GRADE 60 CM (3500) CBH
39,120278,"BOBINA CHAPA LQ 3.75 X 1,20 A36/CIVIL300",Nacional - 0,3.05,KG,17.62,032547 - COLUNA [FECHAMENTO DIANTEIRO - FA6F M22]
40,120278,"BOBINA CHAPA LQ 3.75 X 1,20 A36/CIVIL300",Nacional - 0,6.75,KG,38.99,032548 - REFORÇO INFERIOR [FECHAMENTO DIANTEIRO - F6C M22]
41,120203,"BOBINA CHAPA LQ 6.30 X 1,20 1008/1010",Nacional - 0,115.37,KG,661.5,033210 - LONGARINA [CHASSI - CBH12 M22]
42,120203,"BOBINA CHAPA LQ 6.30 X 1,20 1008/1010",Nacional - 0,10.49,KG,60.15,032831 - REFORÇO DA LONGARINA [CHASSI CBH9]
43,120203,"BOBINA CHAPA LQ 6.30 X 1,20 1008/1010",Nacional - 0,9.98,KG,57.22,032851 - CANTONEIRA INFERIOR [TAMPA TRAS - CBH9 M22]
44,120203,"BOBINA CHAPA LQ 6.30 X 1,20 1008/1010",Nacional - 0,0.29,KG,1.66,"030993 - ENGATE GRADE - ESTRUTURA GRADE TRASEIRA - S3,2/4,0MD"
45,120203,"BOBINA CHAPA LQ 6.30 X 1,20 1008/1010",Nacional - 0,12.32,KG,70.64,034004 - REFORÇO DA LONGARINA [CHASSI CBH9-2E]
46,120203,"BOBINA CHAPA LQ 6.30 X 1,20 1008/1010",Nacional - 0,46.52,KG,266.73,450870 - LONGARINA - PLATAF (6000) CBHM
47,120203,"BOBINA CHAPA LQ 6.30 X 1,20 1008/1010",Nacional - 0,12.51,KG,71.73,030348 - REFORÇO DA LONGARINA M17 CBHM
48,120203,"BOBINA CHAPA LQ 6.30 X 1,20 1008/1010",Nacional - 0,0.32,KG,1.83,018338 - ENGATE S/TRAVA - GRADES CBHM
49,120545,BOBINA CHAPA LQ 3.00 X 1500 A36/CIVIL300,Nacional - 0,14.94,KG,99.98,032553 - TRANSVERSINA TRASEIRA [PLATAFORMA - CBHM 5000/6000]
50,120545,BOBINA CHAPA LQ 3.00 X 1500 A36/CIVIL300,Nacional - 0,0.13,KG,0.88,426301 - COLUNA CENTRAL T6
51,120545,BOBINA CHAPA LQ 3.00 X 1500 A36/CIVIL300,Nacional - 0,5.93,KG,40.24,030366 - TRANSVERSINA INFERIOR MAIOR [CAÇAMBA - CBH M17]
52,120545,BOBINA CHAPA LQ 3.00 X 1500 A36/CIVIL300,Nacional - 0,1.69,KG,11.49,030373 - TRANSVERSINA INTERMEDIÁRIA CENTRAL [CAÇAMBA - CBH M17]
53,120650,"CHAPA GQ 5/16(7,94) 1010",Nacional - 0,8.82,KG,50.48,030336 - APOIO ARTICULAÇÃO - PLATAFORMA M17 (4T) CBH/CBHM
54,120650,"CHAPA GQ 5/16(7,94) 1010",Nacional - 0,0.77,KG,4.41,025742 - FECHAM. TRANSV. SUPERIOR TRAS. - CHASSI F6SS M14
55,120650,"CHAPA GQ 5/16(7,94) 1010",Nacional - 0,0.79,KG,4.52,025243 - ORELHA ICAMENTO (M98) FA (NOV13...)
56,120547,BOBINA CHAPA LQ 2.65 X 1500 A36/CIVIL300,Nacional - 0,91.6,KG,537.15,030384 - CHAPEAM LAT - CAÇAMBA SIMPLES GRAN/FORR (M17) CBH
57,120203,"BOBINA CHAPA LQ 6.30 X 1,20 1008/1010",Nacional - 0,16.51,KG,94.66,031514 - REFORÇO DA LONGARINA M19 - CBHM 6000 CAFEEIRA
58,120203,"BOBINA CHAPA LQ 6.30 X 1,20 1008/1010",Nacional - 0,1.45,KG,8.29,450868 - SUP COL CENTRAL - PLATAF (6000) CBHM
59,120203,"BOBINA CHAPA LQ 6.30 X 1,20 1008/1010",Nacional - 0,20.35,KG,116.66,031556 - REFORCO CENTRAL - PLATAF (6000) CBHM CAFEEIRA
60,120136,"BOBINA CHAPA LQ 2.25 X 1,20 A36/CIVIL300",Nacional - 0,13.23,KG,76.27,032665 - ASSOALHO [GAIOLA KIT INCENDIO - FTC]
61,120278,"BOBINA CHAPA LQ 3.75 X 1,20 A36/CIVIL300",Nacional - 0,7.84,KG,45.29,460680 - TRANSV CENTRAL - PLAT (3500/5000) CBHM
62,120650,"CHAPA GQ 5/16(7,94) 1010",Nacional - 0,8.27,KG,47.34,030501 - REFORÇO LONGARINA
63,120650,"CHAPA GQ 5/16(7,94) 1010",Nacional - 0,3.19,KG,18.26,409753 - SUPORTE TRASEIRO CBHM
64,120650,"CHAPA GQ 5/16(7,94) 1010",Nacional - 0,0.78,KG,4.46,025846 - REFORCO LAT DA PLACA - 5 RODA - CBH/CBHM 02 EIXOS
65,120650,"CHAPA GQ 5/16(7,94) 1010",Nacional - 0,0.07,KG,0.4,453341 - SUP VARAO FRENAG - FREIO U6P
66,120305,"BOBINA CHAPA LQ 4.75 X 1,20 A36/CIVIL300",Nacional - 0,2.6,KG,7.33,032353 - COMPLEMENTO DO SUPORTE FRONTAL [CHASSI COMPLETO - CBH]
67,120305,"BOBINA CHAPA LQ 4.75 X 1,20 A36/CIVIL300",Nacional - 0,0.17,KG,0.47,033889 - REFORÇO INTERIOR [CONJ SUP FRONTAL - CBH]
68,120305,"BOBINA CHAPA LQ 4.75 X 1,20 A36/CIVIL300",Nacional - 0,4.29,KG,12.1,030645 - REFORÇO TRANSV DIANTEIRA - PLATAFORMA CBHM M17
69,120305,"BOBINA CHAPA LQ 4.75 X 1,20 A36/CIVIL300",Nacional - 0,0.37,KG,1.04,030376 - FIXADOR CHAPA LAT SUP - TAMPA LATERAL - CBH (M17)
70,120305,"BOBINA CHAPA LQ 4.75 X 1,20 A36/CIVIL300",Nacional - 0,0.95,KG,2.68,030316 - REFORÇO DO SUPORTE DIANT M17 CHASSI CBHM/CBH
71,120202,CHAPA 1/4 (6.30 x 2440 x 6000) A36-CIVIL300,Nacional - 0,0.26,KG,2.14,033929 - CHAPA DE REFORÇO [GAIOLA - FT10500]
72,120305,"BOBINA CHAPA LQ 4.75 X 1,20 A36/CIVIL300",Nacional - 0,0.09,KG,0.25,412661 - ARRUELA P/RET - EIXO (C) F6
73,120305,"BOBINA CHAPA LQ 4.75 X 1,20 A36/CIVIL300",Nacional - 0,1.51,KG,4.26,459690 - FECHAM DIANTEIRO ICAM (M98) FA/CBHM
74,120134,"BOBINA CHAPA LQ 2.00 X 1,20 A36/CIVIL300",Nacional - 0,17.86,KG,99.5,031224 - PARTE SUP. CHAPA TAMPA TRAS. (ABERT. LATERAL) - CBH M18
75,120549,BOBINA CHAPA LQ 2.65 X 1200 A36/CIVIL300,Nacional - 0,3.52,KG,20.19,"013225 - COMPL CHAP TAMPA TRAS 1,10m (5000) CBHM"
76,120134,"BOBINA CHAPA LQ 2.00 X 1,20 A36/CIVIL300",Nacional - 0,35.01,KG,195.08,031223 - PARTE INF. CHAPA TAMPA TRAS. (ABERT. LATERAL) - CBH M18
77,120134,"BOBINA CHAPA LQ 2.00 X 1,20 A36/CIVIL300",Nacional - 0,31.33,KG,174.58,030553 - CORPO DA TAMPA LATERAL M17 - TAMPA LATERAL (M17) CBH 6
78,120136,"BOBINA CHAPA LQ 2.25 X 1,20 A36/CIVIL300",Nacional - 0,73.19,KG,421.93,450832 - PISO DIREITO - PLATAF (6000) CBHM
79,120136,"BOBINA CHAPA LQ 2.25 X 1,20 A36/CIVIL300",Nacional - 0,50.33,KG,290.15,018181 - PISO ESQUERDO PLATAF (6000) CBHM
80,120136,"BOBINA CHAPA LQ 2.25 X 1,20 A36/CIVIL300",Nacional - 0,8.99,KG,51.83,"025563 - TRAVESSA SUP - FECHAMENTO DIANT - S4,0/3,2M"
81,120278,"BOBINA CHAPA LQ 3.75 X 1,20 A36/CIVIL300",Nacional - 0,5.15,KG,29.75,032806 - COMPLEMENTO DO CHAPEAM [SOBRETAMPA LAT CBH9]
82,120278,"BOBINA CHAPA LQ 3.75 X 1,20 A36/CIVIL300",Nacional - 0,1.26,KG,7.28,"031060 - FECHAMENTO DA GRADE LATERAL - ALT 45 - S3,20/4,00MD"
83,120278,"BOBINA CHAPA LQ 3.75 X 1,20 A36/CIVIL300",Nacional - 0,0.1,KG,0.58,457656 - REFORCO TUBO-CHASSI/TANQ FT5
84,120278,"BOBINA CHAPA LQ 3.75 X 1,20 A36/CIVIL300",Nacional - 0,0.3,KG,1.73,481713 - REFORCO LIM GIRO - 5a RODA (M98) F4/6
85,120134,"BOBINA CHAPA LQ 2.00 X 1,20 A36/CIVIL300",Nacional - 0,31.78,KG,177.08,"013201 - CHAPEAM TAMPA TRAS 1,10m (5000) CBHM"
86,120136,"BOBINA CHAPA LQ 2.25 X 1,20 A36/CIVIL300",Nacional - 0,40.87,KG,235.61,030339 - PISO ESQ PLATAF M17 (3500/5000/8000) CBHM
87,120134,"BOBINA CHAPA LQ 2.00 X 1,20 A36/CIVIL300",Nacional - 0,16.04,KG,89.38,460394 - CHAP GRADE DIANT 45 CM (5000) CBH
88,120157,"CHAPA GQ 3/8 (9,53) 1010",Nacional - 0,0.13,KG,0.77,027757 - CHAPA OLHAL FUSO - ESTEIRA MÓVEL- MÁQ P/ COLHEITA DE FRUTAS
89,120157,"CHAPA GQ 3/8 (9,53) 1010",Nacional - 0,0.3,KG,1.78,027666 - CHAPA INFERIOR COMPLEMENTO LATERAL - ESTEIRA MÓVEL- MÁQ P/ COLHEITA DE FRUTAS
90,120054,"CHAPA GQ 5/8 (15,8) 1010",Nacional - 0,0.84,KG,5.29,027756 - CHAPA DE FECHAMENTO FUSO - ESTEIRA MÓVEL- MÁQ P/ COLHEITA DE FRUTAS
91,120203,"BOBINA CHAPA LQ 6.30 X 1,20 1008/1010",Nacional - 0,47.79,KG,277.08,029669 - LONGARINA - CHASSI CARRETA ER6
92,120305,"BOBINA CHAPA LQ 4.75 X 1,20 A36/CIVIL300",Nacional - 0,3.77,KG,10.64,029988 - TRANSV SUPORTE - 5ª RODA - CARRETAS ER6/ER4
93,120305,"BOBINA CHAPA LQ 4.75 X 1,20 A36/CIVIL300",Nacional - 0,6.21,KG,17.52,474046 - LONG 5 RODA - 5 RODA U4
94,120303,"CHAPA FQ 3/16 (1,20 x 6,00m) 1010",Nacional - 0,1.06,KG,6.8,032218 - CANTONEIRA SUPERIOR [ESTICADOR - MCF]
95,120305,"BOBINA CHAPA LQ 4.75 X 1,20 A36/CIVIL300",Nacional - 0,0.22,KG,0.62,029066 - CANTONEIRA EXTERNA 2X3 - ESTEIRA MOVEL - MÁQ P/ COLHEITA DE FRUTAS
96,120305,"BOBINA CHAPA LQ 4.75 X 1,20 A36/CIVIL300",Nacional - 0,0.09,KG,0.25,030280 - REFORÇO EST MÓVEL - EST MOVEL - MÁQ P/ COLHEITA DE FRUTAS
97,120305,"BOBINA CHAPA LQ 4.75 X 1,20 A36/CIVIL300",Nacional - 0,0.69,KG,1.95,027032 - SUPORTE DO SOMBRITE _ MÁQUINA P/ COLHEITA DE FRUTAS
98,120305,"BOBINA CHAPA LQ 4.75 X 1,20 A36/CIVIL300",Nacional - 0,0.24,KG,0.68,028074 - FECHAMENTO ENCAIXE MENOR - ESTEIRA MÓVEL- MÁQ P/ COLHEITA DE FRUTAS
99,120203,"BOBINA CHAPA LQ 6.30 X 1,20 1008/1010",Nacional - 0,0.04,KG,0.23,032221 - REFORÇO [ESTICADOR - MCF]
100,120203,"BOBINA CHAPA LQ 6.30 X 1,20 1008/1010",Nacional - 0,1.04,KG,6.05,027477 - APOIO EXTERNO DA RODA - ESTEIRA MÓVEL- MÁQ P/ COLHEITA DE FRUTAS
101,120203,"BOBINA CHAPA LQ 6.30 X 1,20 1008/1010",Nacional - 0,0.31,KG,1.81,028073 - FECHAMENTO ENCAIXE MAIOR - ESTEIRA MÓVEL- MÁQ P/ COLHEITA DE FRUTAS
102,120203,"BOBINA CHAPA LQ 6.30 X 1,20 1008/1010",Nacional - 0,4.95,KG,28.82,034204 - COMPLEMENTO [FUEIRO CENTRAL - CBH9]
103,120203,"BOBINA CHAPA LQ 6.30 X 1,20 1008/1010",Nacional - 0,0.39,KG,2.27,025740 - FECHAM. TRANSV. SUPORTE BALANCIM - CHASSI F6SS M14
104,120203,"BOBINA CHAPA LQ 6.30 X 1,20 1008/1010",Nacional - 0,0.46,KG,2.68,030589 - PROTEÇÃO DO MACACO- CHASSI CBH/CBHM M17
105,120203,"BOBINA CHAPA LQ 6.30 X 1,20 1008/1010",Nacional - 0,8.94,KG,52.11,031226 - COLUNA TAMPA TRASEIRA - CBH (ABERT. LATERAL) M18
106,120278,"BOBINA CHAPA LQ 3.75 X 1,20 A36/CIVIL300",Nacional - 0,0.05,KG,0.31,409820 - PRENDEDOR DO TUBO [CBH/CBHM]
107,120203,"BOBINA CHAPA LQ 6.30 X 1,20 1008/1010",Nacional - 0,49.66,KG,289.69,"030425 - LONGARINA - CHASSI SIMPLES SS - CBH 6,0T 01 EIXO"
108,120203,"BOBINA CHAPA LQ 6.30 X 1,20 1008/1010",Nacional - 0,7.33,KG,42.73,"030509 - TRANSV INTERMED TRASEIRA - CHASSI CBH 6,0 2E"
109,120203,"BOBINA CHAPA LQ 6.30 X 1,20 1008/1010",Nacional - 0,0.32,KG,1.87,425965 - ENGATE - GRADES CBHM
110,120305,"BOBINA CHAPA LQ 4.75 X 1,20 A36/CIVIL300",Nacional - 0,31.72,KG,89.48,"031508 - LONGARINA - CHASSI DA CAÇAMBA - CBH 6,0T 7M³"
111,120547,BOBINA CHAPA LQ 2.65 X 1500 A36/CIVIL300,Nacional - 0,113.0,KG,663.9,"030544 - CHAPEAMENTO LATERAL [CAÇAMBA - CBH6,0 M17]"
112,120650,"CHAPA GQ 5/16(7,94) 1010",Nacional - 0,22.77,KG,130.33,"030574 - PLACA DE APOIO M17 - CHASSI CBH 6,0 2E"
113,120650,"CHAPA GQ 5/16(7,94) 1010",Nacional - 0,1.22,KG,6.98,025455 - TRAVA - SUP EIXO CBH-8
114,120650,"CHAPA GQ 5/16(7,94) 1010",Nacional - 0,0.27,KG,1.55,"029964 - APOIO DA TAMPA - CAÇAMBA CBH 6,0 C/ ABERTURA LATERAL"
115,120650,"CHAPA GQ 5/16(7,94) 1010",Nacional - 0,0.21,KG,1.2,439990 - COMPL PORT ICAM EIXO SS (M98) F
116,120203,"BOBINA CHAPA LQ 6.30 X 1,20 1008/1010",Nacional - 0,6.71,KG,39.15,425187 - REFORÇO CENTRAL CBHM
117,120305,"BOBINA CHAPA LQ 4.75 X 1,20 A36/CIVIL300",Nacional - 0,38.9,KG,109.74,"031509 - LONGARINA - CHASSI SIMPLES SS - CBH 6,0 7M³ 01 EIXO"
118,120305,"BOBINA CHAPA LQ 4.75 X 1,20 A36/CIVIL300",Nacional - 0,4.34,KG,12.24,480230 - HASTE TRACAO MENOR-ICAM F4/6
119,120278,"BOBINA CHAPA LQ 3.75 X 1,20 A36/CIVIL300",Nacional - 0,2.9,KG,16.75,032440 - COMPLEMENTO DO FECHAM. LAT. TRAS. [CAÇAMBA SIMPLES - CBH M21]
120,120278,"BOBINA CHAPA LQ 3.75 X 1,20 A36/CIVIL300",Nacional - 0,6.41,KG,37.03,032439 - FECHAMENTO LATERAL TRASEIRO [CAÇAMBA SIMPLES - CBH M21]
121,120278,"BOBINA CHAPA LQ 3.75 X 1,20 A36/CIVIL300",Nacional - 0,1.01,KG,5.83,030451 - FECHAM LAT GRADE M17 - TAMPA LATERAL (M17) CBH
122,120278,"BOBINA CHAPA LQ 3.75 X 1,20 A36/CIVIL300",Nacional - 0,0.32,KG,1.85,033120 - FECHAMENTO LONGARINA [TANQUE SIMPLES - FTC]
123,120278,"BOBINA CHAPA LQ 3.75 X 1,20 A36/CIVIL300",Nacional - 0,9.99,KG,57.71,031204 - REFORÇO LATERAL DIANTEIRO - CAÇAMBA M18
124,120278,"BOBINA CHAPA LQ 3.75 X 1,20 A36/CIVIL300",Nacional - 0,2.46,KG,14.21,450790 - TRANSV N3 - PLATAF (6000) CBHM
125,120278,"BOBINA CHAPA LQ 3.75 X 1,20 A36/CIVIL300",Nacional - 0,0.68,KG,3.93,"031017 - FECHAMENTO LATERAL 45cm - ESTRUTURA GRADE TRASEIRA - S3,2/4,0MD"
126,120203,"BOBINA CHAPA LQ 6.30 X 1,20 1008/1010",Nacional - 0,0.72,KG,4.2,025845 - REF INFERIOR DO EIXO - CBHM 6000 2E (M14)
127,120203,"BOBINA CHAPA LQ 6.30 X 1,20 1008/1010",Nacional - 0,1.06,KG,6.18,409959 - SUPORTE DA COLUNA CBHM
128,120157,"CHAPA GQ 3/8 (9,53) 1010",Nacional - 0,0.39,KG,2.3,494495 - DOBRADIÇA TAMPA TRASEIRA CBH/CBHM
129,120203,"BOBINA CHAPA LQ 6.30 X 1,20 1008/1010",Nacional - 0,12.92,KG,75.38,031248 - BRACO ESTABILIZADOR(TUBO) - EIXO BAL TANDEM CBHM/CBH 4T
130,120203,"BOBINA CHAPA LQ 6.30 X 1,20 1008/1010",Nacional - 0,51.53,KG,300.63,030500 - LONGARINA - CBH M17 2 EIXOS
131,120134,"BOBINA CHAPA LQ 2.00 X 1,20 A36/CIVIL300",Nacional - 0,26.54,KG,147.89,493107 - CHAPEAM - GRADE LATERAL 45 CM CBHM
132,120203,"BOBINA CHAPA LQ 6.30 X 1,20 1008/1010",Nacional - 0,3.62,KG,21.12,028757 - REFORÇO DE ARTICULAÇÃO- CBHM
133,120549,BOBINA CHAPA LQ 2.65 X 1200 A36/CIVIL300,Nacional - 0,23.23,KG,133.22,031229 - CHAPEAM. FRONTAL FECHAM. DIANTEIRO SUPERIOR (M18) CBH
134,120352,"CHAPA GQ 1/2 (12,7) 1010",Nacional - 0,0.53,KG,3.03,425760 - SUPORTE DO CILINDRO CBHM
135,120352,"CHAPA GQ 1/2 (12,7) 1010",Nacional - 0,2.12,KG,12.14,030598 - REFORÇO LATERAL EXTERNO CBH (M17) ABERTURA LAT.
136,120305,"BOBINA CHAPA LQ 4.75 X 1,20 A36/CIVIL300",Nacional - 0,37.02,KG,104.43,031484 - LONGARINA - PLATAFORMA CBHM 6000 CAFEEIRA
137,120054,"CHAPA GQ 5/8 (15,8) 1010",Nacional - 0,3.4,KG,21.41,031736 - SUPORTE INTERNO - SUPORTE BALANCIM CBH/CBHM
138,120054,"CHAPA GQ 5/8 (15,8) 1010",Nacional - 0,5.31,KG,33.44,031740 - SUPORTE EXTERNO - SUPORTE BALANCIM CBH/CBHM
139,120054,"CHAPA GQ 5/8 (15,8) 1010",Nacional - 0,0.44,KG,2.77,031239 - DOBRADIÇA HORIZONTAL CBH/CBHM (M18)
140,120054,"CHAPA GQ 5/8 (15,8) 1010",Nacional - 0,0.89,KG,5.59,031225 - DOBRADIÇA SUP. TAMPA TRAS. ABERT. LATERAL - CBH M18
141,120203,"BOBINA CHAPA LQ 6.30 X 1,20 1008/1010",Nacional - 0,18.39,KG,107.29,450856 - REFORCO CENTRAL - PLATAF (6000) CBHM
142,120203,"BOBINA CHAPA LQ 6.30 X 1,20 1008/1010",Nacional - 0,0.25,KG,1.46,030721 - COMPLEMENTO DA LONGARINA - CHASSI - CBH/CBHM M17
143,120650,"CHAPA GQ 5/16(7,94) 1010",Nacional - 0,3.31,KG,18.97,033920 - SUPORTE TRASEIRO [CHASSI - CBH CBHM 2E RS/T]
144,120650,"CHAPA GQ 5/16(7,94) 1010",Nacional - 0,15.13,KG,86.6,"030424 - REFORÇO DA LONGARINA - CHASSI SIMPLES SS - CBH 6,0T 01 EIXO"
145,120650,"CHAPA GQ 5/16(7,94) 1010",Nacional - 0,0.12,KG,0.69,030387 - BASE MÓVEL M17 BASE MÓVEL CBHM/CBH
146,120650,"CHAPA GQ 5/16(7,94) 1010",Nacional - 0,0.54,KG,3.09,455337 - ESBARRO - CHASSI/TANQUE FT5
147,120305,"BOBINA CHAPA LQ 4.75 X 1,20 A36/CIVIL300",Nacional - 0,0.61,KG,1.72,441480 - SUPORTE ENGATE ICAM (M98) FA/CBHM
148,120305,"BOBINA CHAPA LQ 4.75 X 1,20 A36/CIVIL300",Nacional - 0,42.34,KG,119.45,031485 - LONGARINA - CHASSI SIMPLES SS - CBHM 6000 CAFEEIRA
149,120278,"BOBINA CHAPA LQ 3.75 X 1,20 A36/CIVIL300",Nacional - 0,0.14,KG,0.81,030386 - TRAVA MACACO - MACACO EXTERNO - CBHM/CBH 4T
150,120305,"BOBINA CHAPA LQ 4.75 X 1,20 A36/CIVIL300",Nacional - 0,0.22,KG,0.62,475944 - SUP FIXACAO PLAT - TANQUES M98
151,120157,"CHAPA GQ 3/8 (9,53) 1010",Nacional - 0,6.98,KG,41.42,"028743 - SUPORTE DO CILINDRO - CHASSI CBH 6,0 2E"
152,120157,"CHAPA GQ 3/8 (9,53) 1010",Nacional - 0,1.04,KG,6.17,447043 - PORTA ICAMENTO - EIXO SS (M98) F
153,120157,"CHAPA GQ 3/8 (9,53) 1010",Nacional - 0,7.2,KG,42.72,030727 - SUPORTE TRASEIRO INTERNO - CHASSI CBH 6 2 EIXOS (M17)
154,120157,"CHAPA GQ 3/8 (9,53) 1010",Nacional - 0,7.19,KG,42.67,030444 - SUPORTE TRASEIRO - CHASSI CBH 6 2 EIXOS (M17)
155,120203,"BOBINA CHAPA LQ 6.30 X 1,20 1008/1010",Nacional - 0,0.72,KG,4.2,030537 - MÃO FRANCESA DIANTEIRA
156,120305,"BOBINA CHAPA LQ 4.75 X 1,20 A36/CIVIL300",Nacional - 0,0.16,KG,0.45,483023 - FECHAM LATERAL ICAM (M98) FA/CBHM
157,120278,"BOBINA CHAPA LQ 3.75 X 1,20 A36/CIVIL300",Nacional - 0,2.39,KG,13.81,450819 - TRANSV N1 - PLATAF (6000) CBHM
158,120203,"BOBINA CHAPA LQ 6.30 X 1,20 1008/1010",Nacional - 0,7.0,KG,40.84,450820 - REFORCO DIANT - PLATAF (6000) CBHM
159,120203,"BOBINA CHAPA LQ 6.30 X 1,20 1008/1010",Nacional - 0,9.9,KG,57.76,"030540 - TRANSV DIANT - CHASSI CBH 6,0 2E"
160,120203,"BOBINA CHAPA LQ 6.30 X 1,20 1008/1010",Nacional - 0,8.61,KG,50.23,030508 - REFORÇO LONG CHASSI 2 EIXOS
161,120547,BOBINA CHAPA LQ 2.65 X 1500 A36/CIVIL300,Nacional - 0,27.7,KG,162.74,032855 - CORPO DA SOBRETAMPA LATERAL [CBH9]
162,120549,BOBINA CHAPA LQ 2.65 X 1200 A36/CIVIL300,Nacional - 0,0.48,KG,2.75,027603 - CANTONEIRA GUIA- ESTEIRA MÓVEL- MÁQ P/ COLHEITA DE FRUTAS
163,120134,"BOBINA CHAPA LQ 2.00 X 1,20 A36/CIVIL300",Nacional - 0,9.68,KG,53.94,460709 - TRANSV FRONTAL - PLAT (3500/5000) CBHM
164,120203,"BOBINA CHAPA LQ 6.30 X 1,20 1008/1010",Nacional - 0,7.12,KG,41.54,025614 - HASTE TRACAO MENOR-ICAM MAIOR F4/F6/CBHM
165,120203,"BOBINA CHAPA LQ 6.30 X 1,20 1008/1010",Nacional - 0,63.04,KG,367.79,030494 - LONGARINA [CHASSI - CBH/CBHM-2E]
166,120203,"BOBINA CHAPA LQ 6.30 X 1,20 1008/1010",Nacional - 0,6.94,KG,40.49,030506 - TRANSVERSINA DIANT/TRAS - CHASSI DA PLATAFORMA CBH/CBHM 6T 2E
167,120305,"BOBINA CHAPA LQ 4.75 X 1,20 A36/CIVIL300",Nacional - 0,2.95,KG,8.32,446282 - TRANSV MAIOR - ICAM (M98)F4/6
168,120305,"BOBINA CHAPA LQ 4.75 X 1,20 A36/CIVIL300",Nacional - 0,1.7,KG,4.8,446312 - TRANSV MENOR - ICAM (M98)F4/6
169,120305,"BOBINA CHAPA LQ 4.75 X 1,20 A36/CIVIL300",Nacional - 0,0.86,KG,2.43,030538 - FECHAMENTO TRAS LONGARINA
170,120305,"BOBINA CHAPA LQ 4.75 X 1,20 A36/CIVIL300",Nacional - 0,0.07,KG,0.2,030388 - COMPLEMENTO BASE MÓVEL M17 BASE MÓVEL CBHM/CBH
171,126706,AÇO CHATO LAM 5/8 X 2.1/2 SAE-1020,Nacional - 0,2.57,KG,19.42,"410718 - LUVA ENGATE FURO 1"" (M98)F4/6"
172,120305,"BOBINA CHAPA LQ 4.75 X 1,20 A36/CIVIL300",Nacional - 0,5.39,KG,15.21,464296 - LONG PLATAF LE BOMBA ANDRADE
173,120305,"BOBINA CHAPA LQ 4.75 X 1,20 A36/CIVIL300",Nacional - 0,1.23,KG,3.47,030547 - FECHAMENTO DO SUPORTE
174,120547,BOBINA CHAPA LQ 2.65 X 1500 A36/CIVIL300,Nacional - 0,31.15,KG,183.01,032889 - QUEBRA-ONDAS [FTC 6500 M22]
175,120547,BOBINA CHAPA LQ 2.65 X 1500 A36/CIVIL300,Nacional - 0,36.53,KG,214.62,032901 - FECHAMENTO DIANT./TRAS. [FTC 6500 M22]
176,120547,BOBINA CHAPA LQ 2.65 X 1500 A36/CIVIL300,Nacional - 0,3.67,KG,21.56,456469 - TAMPAO - TQ ELIPTICO PADRAO
177,120203,"BOBINA CHAPA LQ 6.30 X 1,20 1008/1010",Nacional - 0,20.37,KG,118.86,481439 - HASTE TRACAO MAIOR - ICAM MAIOR FTC/CBHM 02 EIXOS
178,120203,"BOBINA CHAPA LQ 6.30 X 1,20 1008/1010",Nacional - 0,1.21,KG,7.06,025835 - BATEDOR DO EIXO - EIXO DIANT CBHM 6000 2E (M14)
179,120203,"BOBINA CHAPA LQ 6.30 X 1,20 1008/1010",Nacional - 0,0.49,KG,2.86,"029043 - REFORÇO EXTERNO- CBH 6,0 TON 2 EIXOS TANDEM"
180,120134,"BOBINA CHAPA LQ 2.00 X 1,20 A36/CIVIL300",Nacional - 0,0.11,KG,0.61,485007 - ARRUELA LISA 1.1/4 ACESS R3
181,120305,"BOBINA CHAPA LQ 4.75 X 1,20 A36/CIVIL300",Nacional - 0,0.16,KG,0.45,459252 - TRAVA RÉ [CBH/CBHM/F/FA/FTC]
182,120305,"BOBINA CHAPA LQ 4.75 X 1,20 A36/CIVIL300",Nacional - 0,5.97,KG,16.84,029678 - TRANVERSINA TRASEIRA - CHASSI ER6
183,120305,"BOBINA CHAPA LQ 4.75 X 1,20 A36/CIVIL300",Nacional - 0,5.81,KG,16.39,029679 - TRANVERSINA DIANTEIRA - CHASSI ER6
184,120157,"CHAPA GQ 3/8 (9,53) 1010",Nacional - 0,1.34,KG,7.95,025655 - SAPATA DO EIXO C/MOLA CBH/CBHM (NOV13...)
185,120157,"CHAPA GQ 3/8 (9,53) 1010",Nacional - 0,2.72,KG,16.14,027667 - CHAPA INCLINADA ENCAIXE DO PINO - ESTEIRA MÓVEL- MÁQ P/ COLHEITA DE FRUTAS
186,120549,BOBINA CHAPA LQ 2.65 X 1200 A36/CIVIL300,Nacional - 0,57.43,KG,329.34,032734 - CHAPEAMENTO CENTRAL [CORPO DO TANQUE - FTC6500 M22]
187,120278,"BOBINA CHAPA LQ 3.75 X 1,20 A36/CIVIL300",Nacional - 0,24.9,KG,143.85,"029957 - LONGARINA - PLATAFORMA S3,20ER"
188,120278,"BOBINA CHAPA LQ 3.75 X 1,20 A36/CIVIL300",Nacional - 0,22.62,KG,130.68,029946 - LONGARINA DO CHASSI - ER4 C/ E S/ MOLA
189,120545,BOBINA CHAPA LQ 3.00 X 1500 A36/CIVIL300,Nacional - 0,35.7,KG,243.62,028486 - PERFIL LATERAL 4M - ESTEIRA MÓVEL- MÁQ P/ COLHEITA DE FRUTAS
190,120545,BOBINA CHAPA LQ 3.00 X 1500 A36/CIVIL300,Nacional - 0,35.6,KG,242.93,027661 - PERFIL LATERAL ENGATADO - ESTEIRA MÓVEL- MÁQ P/ COLHEITA DE FRUTAS
191,120545,BOBINA CHAPA LQ 3.00 X 1500 A36/CIVIL300,Nacional - 0,35.7,KG,243.62,027473 - PERFIL LATERAL - ESTEIRA LATERAL- MÁQ P/ COLHEITA DE FRUTAS
192,120545,BOBINA CHAPA LQ 3.00 X 1500 A36/CIVIL300,Nacional - 0,0.91,KG,6.19,031203 - REFORÇO INTERNO DIANTEIRO - CAÇAMBA M18
193,120305,"BOBINA CHAPA LQ 4.75 X 1,20 A36/CIVIL300",Nacional - 0,3.24,KG,9.14,"027668 - CHAPA VIRADA FIXAÇÃO LATERAL EM ""C"" - ESTEIRA MÓVEL- MÁQ P/ COLHEITA DE FRUTAS"
194,120303,"CHAPA FQ 3/16 (1,20 x 6,00m) 1010",Nacional - 0,0.3,KG,1.93,032219 - CHAPA GUIA DO ESTICADOR FURADA _ ESTEIRA MÓVEL _ MCF
195,120303,"CHAPA FQ 3/16 (1,20 x 6,00m) 1010",Nacional - 0,0.3,KG,1.93,032220 - CHAPA GUIA DO ESTICADOR _ ESTEIRA MÓVEL _ MCF
196,120305,"BOBINA CHAPA LQ 4.75 X 1,20 A36/CIVIL300",Nacional - 0,1.5,KG,4.23,029057 - CHAPA REFORÇO PERFIL LONG - ESTEIRA MÓVEL- MÁQ P/ COLHEITA DE FRUTAS
197,120305,"BOBINA CHAPA LQ 4.75 X 1,20 A36/CIVIL300",Nacional - 0,0.73,KG,2.06,027534 - CHAPA POSTERIOR DA RODA - EST MOVEL - MÁQ P/ COLHEITA DE FRUTAS
198,120203,"BOBINA CHAPA LQ 6.30 X 1,20 1008/1010",Nacional - 0,0.44,KG,2.57,490313 - REFORÇO TRAVA T TRAS - ACESS CBHM
199,120203,"BOBINA CHAPA LQ 6.30 X 1,20 1008/1010",Nacional - 0,17.36,KG,101.28,025848 - CORPO - 5 RODA - CBH/CBHM 02 EIXOS
200,120203,"BOBINA CHAPA LQ 6.30 X 1,20 1008/1010",Nacional - 0,0.19,KG,1.11,466050 - COMANDO VAROES - FREIO CAR
201,120305,"BOBINA CHAPA LQ 4.75 X 1,20 A36/CIVIL300",Nacional - 0,1.75,KG,4.94,030750 - TRANSV DIANT - CHASSI (6000) CBHM M17
202,120303,"CHAPA FQ 3/16 (1,20 x 6,00m) 1010",Nacional - 0,0.15,KG,0.96,033409 - ORELHA DE FIXAÇÃO [CHASSI SIMPLES - FT12500 M22]
203,120545,BOBINA CHAPA LQ 3.00 X 1500 A36/CIVIL300,Nacional - 0,1.68,KG,11.46,440115 - CORRIMAO MENOR T3/4/6
204,120303,"CHAPA FQ 3/16 (1,20 x 6,00m) 1010",Nacional - 0,0.84,KG,5.39,"032467 - FECHAMENTO [EIXO - CBH/CBHM 6,0T]"
205,120305,"BOBINA CHAPA LQ 4.75 X 1,20 A36/CIVIL300",Nacional - 0,4.53,KG,12.78,025600 - HASTE ESTABILIZADORA LD/LE - EIXO F4/6
206,120305,"BOBINA CHAPA LQ 4.75 X 1,20 A36/CIVIL300",Nacional - 0,11.11,KG,31.34,480307 - HASTE TRACAO MAIOR-ICAM F4/6
207,120305,"BOBINA CHAPA LQ 4.75 X 1,20 A36/CIVIL300",Nacional - 0,2.7,KG,7.63,031515 - TRANSVERSINA DIANTEIRA INTERM. M19 - CHASSI CBHM 6000 CAFEEIRA
208,120203,"BOBINA CHAPA LQ 6.30 X 1,20 1008/1010",Nacional - 0,0.19,KG,1.11,494616 - FECHAM SUP FUEIRO CBHM
209,120203,"BOBINA CHAPA LQ 6.30 X 1,20 1008/1010",Nacional - 0,2.61,KG,15.23,028739 - FECHAMENTO LATERAL- CBHM
210,120547,BOBINA CHAPA LQ 2.65 X 1500 A36/CIVIL300,Nacional - 0,28.66,KG,168.36,032367 - CHAPEAMENTO [TAMPA TRASEIRA - CBH UG M21]
211,120549,BOBINA CHAPA LQ 2.65 X 1200 A36/CIVIL300,Nacional - 0,82.34,KG,472.19,033101 - CHAPEAMENTO LATERAL SUPERIOR [CAÇAMBA - CBH9 M22]
212,120305,"BOBINA CHAPA LQ 4.75 X 1,20 A36/CIVIL300",Nacional - 0,2.56,KG,7.22,444893 - CANTONEIRA BASE-KIT CONTRA INCENDIO TA
213,120203,"BOBINA CHAPA LQ 6.30 X 1,20 1008/1010",Nacional - 0,1.41,KG,8.23,025539 - REFORÇO LONGARINA-CHASSI - F4 M98
214,120303,"CHAPA FQ 3/16 (1,20 x 6,00m) 1010",Nacional - 0,17.2,KG,110.39,032457 - LONGARINA - ESTRUTURA DA PLATAFORMA - UVA M21
215,120545,BOBINA CHAPA LQ 3.00 X 1500 A36/CIVIL300,Nacional - 0,0.1,KG,0.68,426386 - COLUNA CENTRAL T4
216,120134,"BOBINA CHAPA LQ 2.00 X 1,20 A36/CIVIL300",Nacional - 0,46.86,KG,261.11,032335 - PISO_ PLATAFORMA _ FA UVA M21
217,120203,"BOBINA CHAPA LQ 6.30 X 1,20 1008/1010",Nacional - 0,37.1,KG,216.45,032812 - FECHAM TRASEIRO CENTRAL [CAÇAMBA CBH9 M22]
218,120203,"BOBINA CHAPA LQ 6.30 X 1,20 1008/1010",Nacional - 0,2.15,KG,12.54,431242 - ABRAÇADEIRA TRAS. IÇAM. UVA
219,120203,"BOBINA CHAPA LQ 6.30 X 1,20 1008/1010",Nacional - 0,0.34,KG,1.98,025749 - COMPLEM. TRASV. SUP. BALANCIM - CHASSI F6SS M14
220,120278,"BOBINA CHAPA LQ 3.75 X 1,20 A36/CIVIL300",Nacional - 0,4.7,KG,27.15,476535 - TRANSV. DIANT. CHASSI UVA
221,120545,BOBINA CHAPA LQ 3.00 X 1500 A36/CIVIL300,Nacional - 0,20.51,KG,139.94,439009 - HASTE DE TRACAO - ICAM (M98) FP2
222,120545,BOBINA CHAPA LQ 3.00 X 1500 A36/CIVIL300,Nacional - 0,16.26,KG,110.94,478970 - LONG TANQUE (M98) T5/T6
223,120545,BOBINA CHAPA LQ 3.00 X 1500 A36/CIVIL300,Nacional - 0,5.71,KG,38.94,032870 - CORRIMAO MAIOR [GRADIL - FTC6500]
224,120547,BOBINA CHAPA LQ 2.65 X 1500 A36/CIVIL300,Nacional - 0,24.63,KG,144.71,031861 - CORPO _ FECHAMENTO DIANTEIRO _ UVA M20
225,120134,"BOBINA CHAPA LQ 2.00 X 1,20 A36/CIVIL300",Nacional - 0,3.1,KG,17.27,491421 - GUARDA FECHAM T3500/5000 TANQ
226,120157,"CHAPA GQ 3/8 (9,53) 1010",Nacional - 0,0.71,KG,4.21,431254 - SUPORTE INTERNO UVA
227,120157,"CHAPA GQ 3/8 (9,53) 1010",Nacional - 0,1.43,KG,8.49,463176 - SUPORTE EXTERNO UVA
228,120157,"CHAPA GQ 3/8 (9,53) 1010",Nacional - 0,0.36,KG,2.11,028766 - DOBRADIÇA [FUEIRO - CBH M21]
229,120157,"CHAPA GQ 3/8 (9,53) 1010",Nacional - 0,0.18,KG,1.07,417233 - ARRUELA REFORCO ESTAB - EIXO BAL T FA4/6
230,120305,"BOBINA CHAPA LQ 4.75 X 1,20 A36/CIVIL300",Nacional - 0,8.11,KG,22.88,031293 - ESTABILIZ. DO BRAÇO(TUBO) UVA
231,120305,"BOBINA CHAPA LQ 4.75 X 1,20 A36/CIVIL300",Nacional - 0,1.95,KG,5.5,433846 - REFORÇO LONGARINA CHASSI UVA
232,120203,"BOBINA CHAPA LQ 6.30 X 1,20 1008/1010",Nacional - 0,10.99,KG,64.12,031227 - CANTONEIRA INFERIOR TAMPA TRAS - CBH M18
233,120136,"BOBINA CHAPA LQ 2.25 X 1,20 A36/CIVIL300",Nacional - 0,8.56,KG,49.35,030178 - TRAVESSA SUP - FECHAMENTO DIANT - CARR UVA M16
234,120547,BOBINA CHAPA LQ 2.65 X 1500 A36/CIVIL300,Nacional - 0,1.33,KG,7.81,033021 - CANTONEIRA TRASEIRA [PLAT. FA2 M21]
235,120352,"CHAPA GQ 1/2 (12,7) 1010",Nacional - 0,2.26,KG,12.94,033438 - LINGUETA DE APOIO [FIXAÇÃO BRAÇO - CBH12]
236,120352,"CHAPA GQ 1/2 (12,7) 1010",Nacional - 0,1.0,KG,5.73,033264 - CORPO TRAVA DA TAMPA TRASEIRA [CBH12 M22]
237,120545,BOBINA CHAPA LQ 3.00 X 1500 A36/CIVIL300,Nacional - 0,10.99,KG,75.0,032459 - TRANSVERSINA INTERMEDIARIA [PLATAFORMA - FA2 M21]
238,120545,BOBINA CHAPA LQ 3.00 X 1500 A36/CIVIL300,Nacional - 0,9.23,KG,62.99,032460 - TRANSVERSINA TRASEIRA _ ESTRUTURA DA PLATAFORMA - UVA M21
239,120545,BOBINA CHAPA LQ 3.00 X 1500 A36/CIVIL300,Nacional - 0,11.0,KG,75.07,032458 - TRANSVERSINA DIANTEIRA _ ESTRUTURA DA PLATAFORMA _ UVA M21
240,120650,"CHAPA GQ 5/16(7,94) 1010",Nacional - 0,3.68,KG,21.06,028855 - CHAPA LATERAL FIXAÇÃO ROLDANA MENOR - EST MÓVEL - MÁQ P/ COLHEITA DE FRUTAS
241,120305,"BOBINA CHAPA LQ 4.75 X 1,20 A36/CIVIL300",Nacional - 0,0.32,KG,0.9,417749 - FECH LAT BR-EIXO TANDEM FA4/6
242,120278,"BOBINA CHAPA LQ 3.75 X 1,20 A36/CIVIL300",Nacional - 0,23.38,KG,135.07,426544 - LONGARINA [CHASSI - FA2]
243,120278,"BOBINA CHAPA LQ 3.75 X 1,20 A36/CIVIL300",Nacional - 0,3.74,KG,21.61,"031050 - COLUNA GIGANTE GRANELEIRO - G3,20MD"
244,120203,"BOBINA CHAPA LQ 6.30 X 1,20 1008/1010",Nacional - 0,8.04,KG,46.93,"030512 - TRANSVERSINA INTERM. - CHASSI DA CAÇAMBA - CBH 6,0 2E"
245,120305,"BOBINA CHAPA LQ 4.75 X 1,20 A36/CIVIL300",Nacional - 0,1.03,KG,2.91,025546 - FECHAMENTO [EIXO - F4]
246,120305,"BOBINA CHAPA LQ 4.75 X 1,20 A36/CIVIL300",Nacional - 0,0.6,KG,1.69,459501 - FECHAM DIANTEIRO - ICAM (M98) C2/FP2
247,120305,"BOBINA CHAPA LQ 4.75 X 1,20 A36/CIVIL300",Nacional - 0,1.49,KG,4.2,439046 - REFORCO - ICAM (M98) C2/FP2
248,120305,"BOBINA CHAPA LQ 4.75 X 1,20 A36/CIVIL300",Nacional - 0,9.01,KG,25.42,026425 - PLACA DE APOIO - CHASSI (M98) F4/6
249,120203,"BOBINA CHAPA LQ 6.30 X 1,20 1008/1010",Nacional - 0,0.54,KG,3.15,033265 - REFORÇO TRAVA DA TAMPA TRASEIRA [CBH12 M22]
250,120203,"BOBINA CHAPA LQ 6.30 X 1,20 1008/1010",Nacional - 0,6.16,KG,35.94,027555 - TIRA DE AÇO INFERIOR MAIOR - ESTEIRA INTERMEDIÁRIA- MÁQ P/ COLHEITA DE FRUTAS
251,120203,"BOBINA CHAPA LQ 6.30 X 1,20 1008/1010",Nacional - 0,3.79,KG,22.11,027557 - TIRA DE AÇO INFERIOR MEDIANA - ESTEIRA INTERMEDIÁRIA- MÁQ P/ COLHEITA DE FRUTAS
252,120203,"BOBINA CHAPA LQ 6.30 X 1,20 1008/1010",Nacional - 0,3.87,KG,22.58,030107 - TIRA DE AÇO INFERIOR MEDIA EXTRE - ESTEIRA INTERMEDIÁRIA- MÁQ P/ COLHEITA DE FRUTAS
253,120303,"CHAPA FQ 3/16 (1,20 x 6,00m) 1010",Nacional - 0,0.37,KG,2.36,034212 - REFORÇO DO FUEIRO CENTRAL [CAÇAMBA SIMPLES - CBH9 M22]
254,120305,"BOBINA CHAPA LQ 4.75 X 1,20 A36/CIVIL300",Nacional - 0,0.14,KG,0.39,475956 - SUP FIXACAO DIANT/TRAS PLAT - TANQUES M98
255,120305,"BOBINA CHAPA LQ 4.75 X 1,20 A36/CIVIL300",Nacional - 0,14.13,KG,39.86,475579 - PLACA APOIO - CHASSI FT3
256,120305,"BOBINA CHAPA LQ 4.75 X 1,20 A36/CIVIL300",Nacional - 0,4.58,KG,12.92,446178 - TRANSV CENTR CHASSI (M98)F6
257,120305,"BOBINA CHAPA LQ 4.75 X 1,20 A36/CIVIL300",Nacional - 0,4.65,KG,13.12,418134 - TRANSV SUP CS-CHASSI (M98) F6
258,120134,"BOBINA CHAPA LQ 2.00 X 1,20 A36/CIVIL300",Nacional - 0,26.61,KG,148.28,030616 - PISO ESQUERDO [PLATAFORMA - CBHM 4500]
259,120203,"BOBINA CHAPA LQ 6.30 X 1,20 1008/1010",Nacional - 0,0.3,KG,1.75,023504 - CHAPA DE REGULAGEM VARÃO DE TRAVA CBHM 2 EIXOS
260,120278,"BOBINA CHAPA LQ 3.75 X 1,20 A36/CIVIL300",Nacional - 0,6.65,KG,38.42,494550 - CHAPEAMENTO FUEIRO 90 CM CBHM
261,120278,"BOBINA CHAPA LQ 3.75 X 1,20 A36/CIVIL300",Nacional - 0,2.92,KG,16.87,"013262 - FECHAMENTO FUEIRO 1,10m (5000) CBHM"
262,120549,BOBINA CHAPA LQ 2.65 X 1200 A36/CIVIL300,Nacional - 0,75.7,KG,434.12,032732 - CHAPEAMENTO [CORPO DO TANQUE - FTC6500 M22]
263,120545,BOBINA CHAPA LQ 3.00 X 1500 A36/CIVIL300,Nacional - 0,5.8,KG,39.58,409960 - TRANSVERSINA CENTRAL - PLAT CBHM4500
264,120203,"BOBINA CHAPA LQ 6.30 X 1,20 1008/1010",Nacional - 0,6.29,KG,36.7,030105 - TIRA DE AÇO INFERIOR MAIOR EXTRE - ESTEIRA INTERMEDIÁRIA- MÁQ P/ COLHEITA DE FRUTAS
265,120352,"CHAPA GQ 1/2 (12,7) 1010",Nacional - 0,1.83,KG,10.48,023243 - ESBARRO CHASSI CBHM 2 EIXOS
266,120352,"CHAPA GQ 1/2 (12,7) 1010",Nacional - 0,0.83,KG,4.75,026416 - CORPO DA TRAVA CBH/CBHM 4/6
267,120305,"BOBINA CHAPA LQ 4.75 X 1,20 A36/CIVIL300",Nacional - 0,9.0,KG,25.39,480629 - PLACA DE APOIO - 5ª RODA (M98) F4/6
268,120278,"BOBINA CHAPA LQ 3.75 X 1,20 A36/CIVIL300",Nacional - 0,31.91,KG,184.36,"029662 - LONGARINA - PLATAFORMA S4,0ER"
269,120278,"BOBINA CHAPA LQ 3.75 X 1,20 A36/CIVIL300",Nacional - 0,14.06,KG,81.22,"029665 - TRANSVERSINA TRASEIRA - PLATAFORMA S4,0ER"
270,120278,"BOBINA CHAPA LQ 3.75 X 1,20 A36/CIVIL300",Nacional - 0,13.75,KG,79.43,"029663 - TRANSVERSINA DIANTEIRA - PLATAFORMA S4,0ER"
271,120545,BOBINA CHAPA LQ 3.00 X 1500 A36/CIVIL300,Nacional - 0,1.93,KG,13.17,459574 - TAMBOR FREIO - EIXO F6F5
272,120203,"BOBINA CHAPA LQ 6.30 X 1,20 1008/1010",Nacional - 0,0.29,KG,1.69,472116 - REFORÇO SUPORTE INTERNO UVA
273,120203,"BOBINA CHAPA LQ 6.30 X 1,20 1008/1010",Nacional - 0,1.87,KG,10.91,031905 - SUPORTE DO GIGANTE [FA2/F6B/F6C]
274,120203,"BOBINA CHAPA LQ 6.30 X 1,20 1008/1010",Nacional - 0,18.01,KG,105.07,033268 - TRANSVERSINA INTERMEDIARIA [CHASSI DA CAÇAMBA CBH12]
275,120203,"BOBINA CHAPA LQ 6.30 X 1,20 1008/1010",Nacional - 0,20.93,KG,122.11,033190 - TRANSVERSINA CENTRAL [CAÇAMBA SIMPLES - CBH12 M22]
276,120305,"BOBINA CHAPA LQ 4.75 X 1,20 A36/CIVIL300",Nacional - 0,4.17,KG,11.76,029987 - TRANSVERSINA - 5ª RODA - CARRETAS ER6/ER4
277,120054,"CHAPA GQ 5/8 (15,8) 1010",Nacional - 0,2.2,KG,13.86,027537 - CHAPA LATERAL INCLINADA APOIO CABO DE AÇO- ESTEIRA MÓVEL- MÁQ P/ COLHEITA DE FRUTAS
278,120054,"CHAPA GQ 5/8 (15,8) 1010",Nacional - 0,7.34,KG,46.23,032924 - SUPORTE EXTERNO [SUPORTE DO BALANCIM - CBH9 M22]
279,120054,"CHAPA GQ 5/8 (15,8) 1010",Nacional - 0,5.13,KG,32.31,032920 - SUPORTE INTERNO [SUPORTE DO BALANCIM - CBH9 M22]
280,120203,"BOBINA CHAPA LQ 6.30 X 1,20 1008/1010",Nacional - 0,1.74,KG,10.15,030051 - SUP. FEIXE DE MOLAS/PORTA IÇAMENTO - 5ª RODA ER4/6
281,120203,"BOBINA CHAPA LQ 6.30 X 1,20 1008/1010",Nacional - 0,1.01,KG,5.89,453407 - SUP FEIXE MOLA DIAN-CHASSI U4P2
282,120157,"CHAPA GQ 3/8 (9,53) 1010",Nacional - 0,10.65,KG,63.2,033305 - SUPORTE TRASEIRO [CHASSI CBH12]
283,120157,"CHAPA GQ 3/8 (9,53) 1010",Nacional - 0,0.7,KG,4.15,032933 - REFORÇO EIXO BALANCIN [EIXO BALANCIM - CBH 9]
284,120157,"CHAPA GQ 3/8 (9,53) 1010",Nacional - 0,5.37,KG,31.84,033686 - REFORÇO DA SAPATA [SUPORTE DO BALANCIM - FT12500 M22]
285,120157,"CHAPA GQ 3/8 (9,53) 1010",Nacional - 0,13.95,KG,82.77,033685 - SAPATA [SUPORTE DO BALANCIM - FT12500 M22]
286,120203,"BOBINA CHAPA LQ 6.30 X 1,20 1008/1010",Nacional - 0,90.2,KG,526.24,034003 - LONGARINA [CHASSI - CBH9-2E M22]
287,120650,"CHAPA GQ 5/16(7,94) 1010",Nacional - 0,20.89,KG,119.57,033304 - TRANSVERSINA INTERM DIANTEIRA [CHASSI - CBH9-2E M22]
288,120203,"BOBINA CHAPA LQ 6.30 X 1,20 1008/1010",Nacional - 0,2.03,KG,11.84,033687 - FECHAMENTO DO TUBO [EIXO BALANCIM - FT12500 M22]
289,120203,"BOBINA CHAPA LQ 6.30 X 1,20 1008/1010",Nacional - 0,0.84,KG,4.9,033296 - REFORÇO DO LIMITADOR DE GIRO [5 RODA - CBH12 M22]
290,120203,"BOBINA CHAPA LQ 6.30 X 1,20 1008/1010",Nacional - 0,0.43,KG,2.51,026068 - ARRUELA PONTA DE EIXO - ROBUSTA 12T
291,120134,"BOBINA CHAPA LQ 2.00 X 1,20 A36/CIVIL300",Nacional - 0,65.53,KG,365.14,031486 - PISO DIREITO - PLATAFORMA CBHM 6000 CAFEEIRA
292,120134,"BOBINA CHAPA LQ 2.00 X 1,20 A36/CIVIL300",Nacional - 0,45.47,KG,253.37,031487 - PISO ESQUERDO - PLATAFORMA CBHM 6000 CAFEEIRA
293,120305,"BOBINA CHAPA LQ 4.75 X 1,20 A36/CIVIL300",Nacional - 0,0.18,KG,0.51,412168 - ARRUELA ENCOSTO - ICAM U6T
294,120305,"BOBINA CHAPA LQ 4.75 X 1,20 A36/CIVIL300",Nacional - 0,54.51,KG,153.78,032786 - LONGARINA [CHASSI DA CAÇAMBA - CBH9 M22]
295,120203,"BOBINA CHAPA LQ 6.30 X 1,20 1008/1010",Nacional - 0,2.82,KG,16.45,032942 - REFORÇO DA ARTICULAÇÃO DA CAÇAMBA [CHASSI DA CAÇAMBA CBH9]
296,120203,"BOBINA CHAPA LQ 6.30 X 1,20 1008/1010",Nacional - 0,0.52,KG,3.03,012919 - REFORCO EXTERNO CACAMBA CBHF
297,120352,"CHAPA GQ 1/2 (12,7) 1010",Nacional - 0,3.43,KG,19.64,033288 - REFORÇO LATERAL FUEIRO CENTRAL CBH12 M22
298,120352,"CHAPA GQ 1/2 (12,7) 1010",Nacional - 0,4.0,KG,22.9,032790 - SUPORTE DO CILINDRO [CHASSI DA CAÇAMBA - CBH9]
299,120352,"CHAPA GQ 1/2 (12,7) 1010",Nacional - 0,1.37,KG,7.84,033332 - REFORÇO INFERIOR [FIXAÇÃO BRAÇO - CBH12]
300,120352,"CHAPA GQ 1/2 (12,7) 1010",Nacional - 0,0.45,KG,2.58,033490 - ORELHA DA CORRENTE [IÇAMENTO - CBH12]
301,120352,"CHAPA GQ 1/2 (12,7) 1010",Nacional - 0,1.02,KG,5.84,033221 - ESBARRO LIMITADOR DE GIRO [CHASSI - CBH12 M22]
302,120352,"CHAPA GQ 1/2 (12,7) 1010",Nacional - 0,37.99,KG,217.51,032789 - TRANSVERSINA DO CILINDRO [CHASSI DA CAÇAMBA CBH9]
303,120650,"CHAPA GQ 5/16(7,94) 1010",Nacional - 0,23.82,KG,136.34,032787 - TRANSVERSINA [CHASSI DA CAÇAMBA CBH9]
304,120650,"CHAPA GQ 5/16(7,94) 1010",Nacional - 0,20.72,KG,118.6,033188 - TRANSVERSINA [CHASSI DA CAÇAMBA - CBH12 M22]
305,120650,"CHAPA GQ 5/16(7,94) 1010",Nacional - 0,35.27,KG,201.88,033290 - CORPO [5 RODA - CBH12 M22]
306,120650,"CHAPA GQ 5/16(7,94) 1010",Nacional - 0,0.41,KG,2.35,022469 - ESBARRO LIMITADOR DE GIRO CHASSI CBHM 2 EIXOS
307,120305,"BOBINA CHAPA LQ 4.75 X 1,20 A36/CIVIL300",Nacional - 0,4.5,KG,12.69,030539 - TRANSVERSINA CENTRAL
308,120547,BOBINA CHAPA LQ 2.65 X 1500 A36/CIVIL300,Nacional - 0,73.7,KG,433.01,030384A - CHAPEAM LATETAL MENOR - CAÇAMBA SIMPLES GRAN/FORR (M17) CBH
309,120549,BOBINA CHAPA LQ 2.65 X 1200 A36/CIVIL300,Nacional - 0,91.36,KG,523.92,"030544A - CHAPEAMENTO LATERAL DIVIDIDO [CAÇAMBA - CBH6,0 M17]"
310,120650,"CHAPA GQ 5/16(7,94) 1010",Nacional - 0,20.89,KG,119.57,034211 - TRANSVERSINA DO CILINDRO [CHASSI - CBH12 M22]
311,120278,"BOBINA CHAPA LQ 3.75 X 1,20 A36/CIVIL300",Nacional - 0,7.07,KG,40.84,033076 - FECHAMENTO LATERAL TRASEIRO INFERIOR [CAÇAMBA - CBH9 M22]
312,120278,"BOBINA CHAPA LQ 3.75 X 1,20 A36/CIVIL300",Nacional - 0,13.7,KG,79.15,032816 - FECHAMENTO LATERAL TRASEIRO SUPERIOR [CAÇAMBA - CBH9 M22]
313,120203,"BOBINA CHAPA LQ 6.30 X 1,20 1008/1010",Nacional - 0,19.87,KG,115.92,033259 - TRANSVERSINA INTERMEDIARIA [CHASSI DA CAÇAMBA CBH9]
314,120203,"BOBINA CHAPA LQ 6.30 X 1,20 1008/1010",Nacional - 0,0.24,KG,1.4,493673 - REFORCO TRAVA CHASSI FA
315,120278,"BOBINA CHAPA LQ 3.75 X 1,20 A36/CIVIL300",Nacional - 0,12.43,KG,71.81,032814 - REF. LATERAL DIANTEIRO [CAÇAMBA CBH9 M22]
316,120278,"BOBINA CHAPA LQ 3.75 X 1,20 A36/CIVIL300",Nacional - 0,0.13,KG,0.75,032800 - PLACA DE FIXAÇÃO [ESCADA INTERNA - CAÇAMBA CBH9 M22]
317,120278,"BOBINA CHAPA LQ 3.75 X 1,20 A36/CIVIL300",Nacional - 0,0.71,KG,4.1,032861 - FECHAMENTO INFERIOR [FUEIRO CENTRAL CBH9]
318,120549,BOBINA CHAPA LQ 2.65 X 1200 A36/CIVIL300,Nacional - 0,36.79,KG,210.98,030384B - COMPLEMENTO CHAPEAM LATETAL - CAÇAMBA SIMPLES GRAN/FORR (M17) CBH
319,120549,BOBINA CHAPA LQ 2.65 X 1200 A36/CIVIL300,Nacional - 0,45.79,KG,262.59,"030544B - COMPLEMENTO DO CHAPEAMENTO LATERAL [CAÇAMBA - CBH6,0 M17]"
320,120547,BOBINA CHAPA LQ 2.65 X 1500 A36/CIVIL300,Nacional - 0,43.27,KG,254.22,031206A - CHAPEAMENTO FRONTAL DIVIDIDO - CAÇAMBA M18
321,120352,"CHAPA GQ 1/2 (12,7) 1010",Nacional - 0,4.76,KG,27.25,025401 - SUPORTE DO CILINDRO - CHASSI DA CAÇAMBA CBH (M13) 8T
322,120278,"BOBINA CHAPA LQ 3.75 X 1,20 A36/CIVIL300",Nacional - 0,1.6,KG,9.24,031238 - FECHAM. FUEIRO - FUEIRO DIANT. SUPERIOR - CBH M18
323,120305,"BOBINA CHAPA LQ 4.75 X 1,20 A36/CIVIL300",Nacional - 0,30.97,KG,87.37,024004 - LONGARINA CHASSI CBHF (M12)
324,120203,"BOBINA CHAPA LQ 6.30 X 1,20 1008/1010",Nacional - 0,1.99,KG,11.61,025602 - CHAPEAMENTO GUIA - EIXO F4/F6
325,120203,"BOBINA CHAPA LQ 6.30 X 1,20 1008/1010",Nacional - 0,12.43,KG,72.52,025847 - PLACA DE APOIO - 5 RODA - CBH/CBHM 02 EIXOS
326,120203,"BOBINA CHAPA LQ 6.30 X 1,20 1008/1010",Nacional - 0,4.83,KG,28.18,023966 - TRANSVERSINA DIANTEIRA CHASSI CBHF (M12)
327,120278,"BOBINA CHAPA LQ 3.75 X 1,20 A36/CIVIL300",Nacional - 0,2.45,KG,14.15,494562 - FECHAMENTO FUEIRO 90 CM CBHM
328,120278,"BOBINA CHAPA LQ 3.75 X 1,20 A36/CIVIL300",Nacional - 0,8.18,KG,47.26,481646 - CHAPEAM - FUEIRO CENTRAL (6000) CBHM
329,120278,"BOBINA CHAPA LQ 3.75 X 1,20 A36/CIVIL300",Nacional - 0,6.46,KG,37.3,031287ACH - CORPO DE CHAPA [FUEIRO - CBH FO]
330,120278,"BOBINA CHAPA LQ 3.75 X 1,20 A36/CIVIL300",Nacional - 0,2.23,KG,12.87,031287BCH - FECHAMENTO DO CORPO DE CHAPA [FUEIRO - CBH FO]
331,120305,"BOBINA CHAPA LQ 4.75 X 1,20 A36/CIVIL300",Nacional - 0,6.65,KG,18.76,494677 - CHAPEAM FUEIRO TRAS 90 CM CBHM
332,120278,"BOBINA CHAPA LQ 3.75 X 1,20 A36/CIVIL300",Nacional - 0,7.94,KG,45.87,"013250 - CHAPEAM FUEIRO TRAS 1,10m (5000) CBHM"
333,120352,"CHAPA GQ 1/2 (12,7) 1010",Nacional - 0,2.42,KG,13.86,026037 - COMPLEMENTO LATERAL - ENGATE ROBUSTA 12T
334,120352,"CHAPA GQ 1/2 (12,7) 1010",Nacional - 0,0.6,KG,3.44,026029 - FECHAMENTO DIANTEIRO - ENGATE ROBUSTA 12T
335,120352,"CHAPA GQ 1/2 (12,7) 1010",Nacional - 0,2.47,KG,14.14,026027 - CORPO DA LUVA DE UNIÃO - ENGATE ROBUSTA 12T
336,120278,"BOBINA CHAPA LQ 3.75 X 1,20 A36/CIVIL300",Nacional - 0,1.27,KG,7.34,031207 - FECHAMENTO FUEIRO REFORÇO DIANTEIRO - CAÇAMBA M18
337,120157,"CHAPA GQ 3/8 (9,53) 1010",Nacional - 0,65.94,KG,391.28,033403 - PLACA DE APOIO [CHASSI SIMPLES - FT12500 M22]
338,120157,"CHAPA GQ 3/8 (9,53) 1010",Nacional - 0,12.26,KG,72.75,032830 - SAPATA MAIOR [CHASSI CBH9]
339,120203,"BOBINA CHAPA LQ 6.30 X 1,20 1008/1010",Nacional - 0,0.23,KG,1.34,485860 - REF ENGATE - COMBOIO U4
340,120547,BOBINA CHAPA LQ 2.65 X 1500 A36/CIVIL300,Nacional - 0,60.64,KG,356.28,032811 - CHAPEAMENTO FRONTAL INFERIOR [CAÇAMBA CBH9 M22]
341,120203,"BOBINA CHAPA LQ 6.30 X 1,20 1008/1010",Nacional - 0,5.55,KG,32.38,025734 - TRANSVERSINA DIANTEIRA - CHASSI F6SS M14
342,120303,"CHAPA FQ 3/16 (1,20 x 6,00m) 1010",Nacional - 0,18.43,KG,118.29,032543 - TRANSVERSINA TRASEIRA [PLATAFORMA - F6C M22]
343,120203,"BOBINA CHAPA LQ 6.30 X 1,20 1008/1010",Nacional - 0,0.05,KG,0.29,033612 - ARRUELA [ESPAÇADOR - CBH M18]
344,120547,BOBINA CHAPA LQ 2.65 X 1500 A36/CIVIL300,Nacional - 0,7.27,KG,42.71,031206B - COMPLEMENTO DO CHAPEAMENTO FRONTAL - CAÇAMBA M18
345,120054,"CHAPA GQ 5/8 (15,8) 1010",Nacional - 0,0.52,KG,3.28,026041 - ORELHA - ENGATE ROBUSTA 12T
346,120305,"BOBINA CHAPA LQ 4.75 X 1,20 A36/CIVIL300",Nacional - 0,2.74,KG,7.73,"032368 - FECHAMENTO LATERAL [TAMPA TRASEIRA - CBH ""USO GERAL"" M21]"
347,120650,"CHAPA GQ 5/16(7,94) 1010",Nacional - 0,1.66,KG,9.5,033293 - REFORÇO LATERAL DA PLACA [5 RODA - CBH12 M22]
348,120203,"BOBINA CHAPA LQ 6.30 X 1,20 1008/1010",Nacional - 0,0.4,KG,2.33,025841 - LIMITADOR - 5 RODA - CBH/CBHM 02 EIXOS
349,120157,"CHAPA GQ 3/8 (9,53) 1010",Nacional - 0,3.06,KG,18.16,031754 - SAPATA - SUPORTE TANDEM 6T M20
350,120136,"BOBINA CHAPA LQ 2.25 X 1,20 A36/CIVIL300",Nacional - 0,25.38,KG,146.31,032626 - FECHAMENTO TRASEIRO [FTC 4300 M22]
351,120136,"BOBINA CHAPA LQ 2.25 X 1,20 A36/CIVIL300",Nacional - 0,25.36,KG,146.2,032627 - FECHAMENTO FRONTAL [FTC 4300 M22]
352,120136,"BOBINA CHAPA LQ 2.25 X 1,20 A36/CIVIL300",Nacional - 0,43.73,KG,252.1,032682 - CHAPEAMENTO [FTC4300 M22]
353,120305,"BOBINA CHAPA LQ 4.75 X 1,20 A36/CIVIL300",Nacional - 0,1.7,KG,4.8,031557 - TRANSV DIANT - CHASSI (6000) CBHM M19 CAFEEIRA
354,120136,"BOBINA CHAPA LQ 2.25 X 1,20 A36/CIVIL300",Nacional - 0,20.7,KG,119.33,032624 - QUEBRA-ONDAS [FTC 4300 M22]
355,120278,"BOBINA CHAPA LQ 3.75 X 1,20 A36/CIVIL300",Nacional - 0,5.69,KG,32.87,"025562 - REFORÇO INF - FECHAMENTO DIANT - S4,0/3,2M"
356,120157,"CHAPA GQ 3/8 (9,53) 1010",Nacional - 0,4.7,KG,27.9,025550 - SUPORTE DE FIXAÇÃO TRASEIRO - IÇAM - CBHF M12
357,120305,"BOBINA CHAPA LQ 4.75 X 1,20 A36/CIVIL300",Nacional - 0,1.36,KG,3.84,439277 - REFORCO ICAMENTO (M98) FA
358,120203,"BOBINA CHAPA LQ 6.30 X 1,20 1008/1010",Nacional - 0,0.1,KG,0.58,436884 - COMPLEM EXCENT - EIXO TRAS F4C
359,120278,"BOBINA CHAPA LQ 3.75 X 1,20 A36/CIVIL300",Nacional - 0,1.31,KG,7.57,469361 - FECHAM LAT CHASSI (M98)F6
360,120305,"BOBINA CHAPA LQ 4.75 X 1,20 A36/CIVIL300",Nacional - 0,9.65,KG,27.22,475087 - PLACA APOIO EIXO DIANT (M98) F
361,120203,"BOBINA CHAPA LQ 6.30 X 1,20 1008/1010",Nacional - 0,17.42,KG,101.63,"016937 - CHAPEAMENTO EIXO (CEN-1,75) F6SS"
362,120203,"BOBINA CHAPA LQ 6.30 X 1,20 1008/1010",Nacional - 0,0.29,KG,1.69,025743 - SUPORTE FIX. DA PLATAF. - CHASSI F6 CS M14
363,120278,"BOBINA CHAPA LQ 3.75 X 1,20 A36/CIVIL300",Nacional - 0,2.63,KG,15.19,"031024 - COLUNA DO FECHAM DIANTEIRO - S4,0/3,2MD"
364,120203,"BOBINA CHAPA LQ 6.30 X 1,20 1008/1010",Nacional - 0,9.7,KG,56.59,025735 - TRANSV. SUPORTE TRASEIRO - CHASSI F6SS M14
365,120200,"CHAPA GQ 1/4 (1,20 x 4,05m) 1010",Nacional - 0,3.43,KG,25.22,452002 - REFORCO TRAN TRAS-COMB(M98)F6
366,120545,BOBINA CHAPA LQ 3.00 X 1500 A36/CIVIL300,Nacional - 0,0.25,KG,1.71,016123 - FECHAM LAT EIXO (CEN) F6SS
367,120278,"BOBINA CHAPA LQ 3.75 X 1,20 A36/CIVIL300",Nacional - 0,1.38,KG,7.97,026454 - FECHAM LATERAL GRADE 60 cm
368,120278,"BOBINA CHAPA LQ 3.75 X 1,20 A36/CIVIL300",Nacional - 0,3.18,KG,18.37,031862 - COLUNA _ FECHAMENTO DIANTEIRO _ UVA M20
369,120278,"BOBINA CHAPA LQ 3.75 X 1,20 A36/CIVIL300",Nacional - 0,0.06,KG,0.35,469490 - SUPORTE DA MANGUEIRA 6000 CBHM
370,120305,"BOBINA CHAPA LQ 4.75 X 1,20 A36/CIVIL300",Nacional - 0,4.09,KG,11.54,493132 - TRANSV INTERM CHASSI UVA
371,120305,"BOBINA CHAPA LQ 4.75 X 1,20 A36/CIVIL300",Nacional - 0,3.96,KG,11.17,449880 - REFORCO TRAS CHASSI CARR UVA
372,120545,BOBINA CHAPA LQ 3.00 X 1500 A36/CIVIL300,Nacional - 0,33.29,KG,227.17,032688 - LONGARINA - PLATAFORMA - MANGA M22
373,120545,BOBINA CHAPA LQ 3.00 X 1500 A36/CIVIL300,Nacional - 0,0.15,KG,1.02,499821 - CINTA C-POEIRA LE TRANSM R3-ECO
374,120545,BOBINA CHAPA LQ 3.00 X 1500 A36/CIVIL300,Nacional - 0,0.45,KG,3.07,402862 - CINTA CONTRA POEIRA LD - TRANSM R3-ECO
375,120545,BOBINA CHAPA LQ 3.00 X 1500 A36/CIVIL300,Nacional - 0,0.53,KG,3.62,431035 - DISCO FRICC MOVIDO-EMBREA ROT
376,120547,BOBINA CHAPA LQ 2.65 X 1500 A36/CIVIL300,Nacional - 0,27.82,KG,163.45,032690 - PISO - PLATAFORMA - MANGA M22
377,120203,"BOBINA CHAPA LQ 6.30 X 1,20 1008/1010",Nacional - 0,8.48,KG,49.47,442409 - TRANSV TRAS - CHASSI CARR UVA
378,120203,"BOBINA CHAPA LQ 6.30 X 1,20 1008/1010",Nacional - 0,1.94,KG,11.29,032694 - SUPORTE DO GIGANTE [FA2A M22]
379,120305,"BOBINA CHAPA LQ 4.75 X 1,20 A36/CIVIL300",Nacional - 0,0.84,KG,2.37,031512 - REFORÇO DO SUPORTE DIANT M17 CHASSI CBHM 6000 CAFEEIRA
380,120203,"BOBINA CHAPA LQ 6.30 X 1,20 1008/1010",Nacional - 0,0.49,KG,2.86,025241 - REFORÇO DA BUCHA DO MACACO - ICAM FA
381,120305,"BOBINA CHAPA LQ 4.75 X 1,20 A36/CIVIL300",Nacional - 0,0.28,KG,0.79,031217 - FECHAM. SUP. FUEIRO - FUEIRO DIANT. SUPERIOR - CBH M18
382,120547,BOBINA CHAPA LQ 2.65 X 1500 A36/CIVIL300,Nacional - 0,51.01,KG,299.7,"025594 - CORPO - FECHAM LATERAL (ALT60) - S4,0M"
383,120545,BOBINA CHAPA LQ 3.00 X 1500 A36/CIVIL300,Nacional - 0,0.25,KG,1.71,016135 - FECHAM INT EIXO (CEN) F6SS
384,120305,"BOBINA CHAPA LQ 4.75 X 1,20 A36/CIVIL300",Nacional - 0,3.36,KG,9.48,493296 - FECHAM LAT TAMPA TRAS 90 CM CBHM
385,120545,BOBINA CHAPA LQ 3.00 X 1500 A36/CIVIL300,Nacional - 0,1.88,KG,12.83,424780 - TRANSVERSINA MENOR CBHM
386,120545,BOBINA CHAPA LQ 3.00 X 1500 A36/CIVIL300,Nacional - 0,0.18,KG,1.23,"481695 - FECHAM LONG TANQUE (M98) T3/3,5/4"
387,120250,"CHAPA #11(3,04) A36/CIVIL300",Nacional - 0,0.39,KG,2.47,025678 - COMPLEMENTO INT. MENOR - CARROCERIA METALICA
388,120203,"BOBINA CHAPA LQ 6.30 X 1,20 1008/1010",Nacional - 0,20.89,KG,121.88,033933 - BRAÇO ESTABILIZADOR [EIXO BALANCIM - CBH12 FT10500 FT12500 M22]
389,120203,"BOBINA CHAPA LQ 6.30 X 1,20 1008/1010",Nacional - 0,3.12,KG,18.2,"033702 - FLANGE - ARO 14"" x 5"" (RODABRAS) [FA2/FA2A]"
390,120203,"BOBINA CHAPA LQ 6.30 X 1,20 1008/1010",Nacional - 0,0.26,KG,1.52,450145 - REFORÇO PONTA DE EIXO UVA
391,120203,"BOBINA CHAPA LQ 6.30 X 1,20 1008/1010",Nacional - 0,0.47,KG,2.74,"032147 - GANCHO FECHO RÁPIDO - TEMPORÁRIO ""V"""
392,120278,"BOBINA CHAPA LQ 3.75 X 1,20 A36/CIVIL300",Nacional - 0,0.86,KG,4.97,032815 - REFORÇO INTERNO DIANTEIRO [CAÇAMBA CBH9 M22]
393,120278,"BOBINA CHAPA LQ 3.75 X 1,20 A36/CIVIL300",Nacional - 0,0.91,KG,5.26,032818 - REFORÇO INTERNO TRASEIRO [CAÇAMBA CBH9 M22]
394,120278,"BOBINA CHAPA LQ 3.75 X 1,20 A36/CIVIL300",Nacional - 0,8.8,KG,50.84,033189 - FUEIRAO CENTRAL [CAÇAMBA SIMPLES - CBH12 M22]
395,120278,"BOBINA CHAPA LQ 3.75 X 1,20 A36/CIVIL300",Nacional - 0,1.66,KG,9.59,033192 - FECHAMENTO FUEIRAO [CAÇAMBA SIMPLES - CBH12 M22]
396,120547,BOBINA CHAPA LQ 2.65 X 1500 A36/CIVIL300,Nacional - 0,154.65,KG,908.61,033204 - ASSOALHO [CAÇAMBA SIMPLES - CBH12 M22]
397,120547,BOBINA CHAPA LQ 2.65 X 1500 A36/CIVIL300,Nacional - 0,76.11,KG,447.17,033191 - CHAPEAMENTO LATERAL [CAÇAMBA SIMPLES - CBH12 M22]
398,120305,"BOBINA CHAPA LQ 4.75 X 1,20 A36/CIVIL300",Nacional - 0,0.27,KG,0.76,431898 - FECHAM. LATERAL BALANCIM UVA
399,120305,"BOBINA CHAPA LQ 4.75 X 1,20 A36/CIVIL300",Nacional - 0,8.71,KG,24.57,032045 - CANT INF TAMPA TRASEIRA CBH M20
400,120134,"BOBINA CHAPA LQ 2.00 X 1,20 A36/CIVIL300",Nacional - 0,31.83,KG,177.36,"034251 - CHAPEAMENTO TAMPA TRAS 1,10m (5000) CBHM"
401,120549,BOBINA CHAPA LQ 2.65 X 1200 A36/CIVIL300,Nacional - 0,30.96,KG,177.55,032850 - CHAPEAMENTO INFERIOR [TAMPA TRAS ABL - CBH9 M22]
402,120535,"CHAPA FQ #12 (1,50 x 3,80m) 1010",Nacional - 0,35.43,KG,258.75,033897 - CORPO DA SOBRETAMPA LATERAL [CBH12]
403,120303,"CHAPA FQ 3/16 (1,20 x 6,00m) 1010",Nacional - 0,21.58,KG,138.51,033636 - TRANSVERSINA DIANTEIRA [PLATAFORMA - F6C M23]
404,120303,"CHAPA FQ 3/16 (1,20 x 6,00m) 1010",Nacional - 0,1.23,KG,7.86,033926 - ORELHA BANDEJA [CHASSI SIMPLES - FT12500 M22]
405,120303,"CHAPA FQ 3/16 (1,20 x 6,00m) 1010",Nacional - 0,35.82,KG,229.9,032540 - LONGARINA [PLATAFORMA - F6C M22]
406,120305,"BOBINA CHAPA LQ 4.75 X 1,20 A36/CIVIL300",Nacional - 0,84.18,KG,237.48,033600 - LONGARINA [CHASSI SIMPLES - FT10500 2E RS/RS M22]
407,120303,"CHAPA FQ 3/16 (1,20 x 6,00m) 1010",Nacional - 0,12.93,KG,82.99,033641 - REFORÇO DA TRANSVERSINA TRAS [PLATAFORMA - F6C M22]
408,120303,"CHAPA FQ 3/16 (1,20 x 6,00m) 1010",Nacional - 0,19.66,KG,126.18,033637 - TRANSVERSINA CENTRAL [PLATAFORMA - F6C M22.1]
409,120273,"CHAPA FQ 3,75mm. SAE-1006",Nacional - 0,6.59,KG,41.21,033902 - COMPLEMENTO DO CHAPEAM [SOBRETAMPA LAT CBH12]
410,120203,"BOBINA CHAPA LQ 6.30 X 1,20 1008/1010",Nacional - 0,2.88,KG,16.8,016081 - COMPL EIXO (CEN) F6SS
411,120203,"BOBINA CHAPA LQ 6.30 X 1,20 1008/1010",Nacional - 0,0.51,KG,2.98,033751 - BASE [OLHAL DE ELEVAÇÃO - FT10500 M22]
412,120136,"BOBINA CHAPA LQ 2.25 X 1,20 A36/CIVIL300",Nacional - 0,9.9,KG,57.07,"030421 - TRAVESSA SUPERIOR - FECHAMENTO DIANT - CARR. METÁLICA CENOURA (4,0 X 2,10m)"
413,120134,"BOBINA CHAPA LQ 2.00 X 1,20 A36/CIVIL300",Nacional - 0,19.83,KG,110.48,033671 - CHAPEAMENTO [FECHAMENTO DIANT METALICO - F6C]
414,120054,"CHAPA GQ 5/8 (15,8) 1010",Nacional - 0,1.47,KG,9.26,464806 - ENGATE COMBOIO U4
415,120203,"BOBINA CHAPA LQ 6.30 X 1,20 1008/1010",Nacional - 0,100.2,KG,584.58,033372 - QUEBRA ONDAS [CORPO DO TANQUE - FT12500 M22]
416,120136,"BOBINA CHAPA LQ 2.25 X 1,20 A36/CIVIL300",Nacional - 0,0.85,KG,4.9,034249 - REFORÇO INFERIOR 2 [PLATAFORMA - CBHM]
417,120278,"BOBINA CHAPA LQ 3.75 X 1,20 A36/CIVIL300",Nacional - 0,30.73,KG,177.53,025659 - HASTE DE TRACAO ICAM (M98) FA (NOV13...)
418,120278,"BOBINA CHAPA LQ 3.75 X 1,20 A36/CIVIL300",Nacional - 0,26.86,KG,155.17,479068 - LONGARINA - CHASSI (M98) FA
419,120136,"BOBINA CHAPA LQ 2.25 X 1,20 A36/CIVIL300",Nacional - 0,1.06,KG,6.11,034250 - REFORÇO INFERIOR 3 [PLATAFORMA - CBHM]
420,120305,"BOBINA CHAPA LQ 4.75 X 1,20 A36/CIVIL300",Nacional - 0,8.21,KG,23.16,458880 - TRANSV DIANT - CHASSI FA3FB
421,120305,"BOBINA CHAPA LQ 4.75 X 1,20 A36/CIVIL300",Nacional - 0,3.46,KG,9.76,447286 - TRANSVERSINA - CHASSI (M98) FA
422,120203,"BOBINA CHAPA LQ 6.30 X 1,20 1008/1010",Nacional - 0,3.6,KG,21.0,448606 - REFORÇO - CHASSI FA3FB
423,120203,"BOBINA CHAPA LQ 6.30 X 1,20 1008/1010",Nacional - 0,0.53,KG,3.09,016111 - REFORCO COMPL EIXO (CEN) F6SS
424,120136,"BOBINA CHAPA LQ 2.25 X 1,20 A36/CIVIL300",Nacional - 0,3.14,KG,18.1,469932 - COLARINHO T ELÍPTICO TAN
425,120136,"BOBINA CHAPA LQ 2.25 X 1,20 A36/CIVIL300",Nacional - 0,12.49,KG,72.0,032632 - LONGARINA [TANQUE SIMPLES 4300L]
426,120305,"BOBINA CHAPA LQ 4.75 X 1,20 A36/CIVIL300",Nacional - 0,1.29,KG,3.64,033679 - CORPO DA BASE REGULÁVEL [MACACO]
427,120305,"BOBINA CHAPA LQ 4.75 X 1,20 A36/CIVIL300",Nacional - 0,0.15,KG,0.42,415005 - ABRACAD P/FEIXE MOLAS-ROD U4P4
428,120547,BOBINA CHAPA LQ 2.65 X 1500 A36/CIVIL300,Nacional - 0,20.08,KG,117.76,466633 - CHAPEM GRADE DIANT 60CM (3500) CBH
429,120203,"BOBINA CHAPA LQ 6.30 X 1,20 1008/1010",Nacional - 0,0.13,KG,0.74,033839 - ORELHA DE FIXAÇÃO [DOBRADIÇA - CBHL6000 MP]
430,120203,"BOBINA CHAPA LQ 6.30 X 1,20 1008/1010",Nacional - 0,0.43,KG,2.45,033843 - ORELHA [DOBRADIÇA - CBHL6000 MP]
431,120303,"CHAPA FQ 3/16 (1,20 x 6,00m) 1010",Nacional - 0,0.3,KG,1.93,033846 - REFORÇO DO BRAÇO DE ARTICULAÇÃO [GRADE LATERAL INFERIOR ESQUERDA - CBHL6000]
432,120278,"BOBINA CHAPA LQ 3.75 X 1,20 A36/CIVIL300",Nacional - 0,2.39,KG,13.77,450819 - TRANSV N1 - PLATAF (6000) CBHM
433,120303,"CHAPA FQ 3/16 (1,20 x 6,00m) 1010",Nacional - 0,42.26,KG,271.23,030503 - HASTE TRAÇÃO MAIOR - IÇAMENTO FTC C/FA6 SS
434,120305,"BOBINA CHAPA LQ 4.75 X 1,20 A36/CIVIL300",Nacional - 0,0.42,KG,1.18,030469 - FECHAMENTO MENOR DO SUPORTE - CHASSI CBH 6 2 EIXOS (M17)
435,120305,"BOBINA CHAPA LQ 4.75 X 1,20 A36/CIVIL300",Nacional - 0,5.61,KG,15.83,014527 - FECH LAT TAMPA TRAS M09 (10.000) CBHM
436,120376,"CHAPA GQ 1 (25,4) 1010",Nacional - 0,1.12,KG,6.54,496935 - ORELHA DO CILINDRO [CAMISA DO CILINDRO - CBH/CBHM]
437,120203,"BOBINA CHAPA LQ 6.30 X 1,20 1008/1010",Nacional - 0,0.22,KG,1.25,"031081 - ENGATE GRADE - ESTRUTURA GRADE TRASEIRA SUPERIOR - S3,2/4,0MD"
438,120545,BOBINA CHAPA LQ 3.00 X 1500 A36/CIVIL300,Nacional - 0,1.06,KG,6.24,033063 - CANTONEIRA TRASEIRA - PLATAFORMA - MANGA M22
439,120134,"BOBINA CHAPA LQ 2.00 X 1,20 A36/CIVIL300",Nacional - 0,1.98,KG,11.03,033784 - CHAPA DE REFORÇO [GRADE LATERAL - CBHL6000]
440,120134,"BOBINA CHAPA LQ 2.00 X 1,20 A36/CIVIL300",Nacional - 0,13.43,KG,74.84,034378 - REFORÇO DOBRADO [GRADE LATERAL INFERIOR - CBHL6000 M23]
441,120250,"CHAPA #11(3,04) A36/CIVIL300",Nacional - 0,4.66,KG,29.48,034020 - ESBARRO LATERAL [CBHL6000 M22]
442,120545,BOBINA CHAPA LQ 3.00 X 1500 A36/CIVIL300,Nacional - 0,3.11,KG,18.3,"025561 - COLUNA - FECHAMENTO DIANT (FR) - S4,0/3,2M"
443,120203,"BOBINA CHAPA LQ 6.30 X 1,20 1008/1010",Nacional - 0,1.14,KG,6.49,"025566 - SUPORTE - FECHAM TRASEIRO (FR) - S4,0/3,2M"
444,120200,"CHAPA GQ 1/4 (1,20 x 4,05m) 1010",Nacional - 0,14.75,KG,108.45,032100 - SUPORTE DA SAPATA [TANQUE SIMPLES - TDV5000]
445,120203,"BOBINA CHAPA LQ 6.30 X 1,20 1008/1010",Nacional - 0,2.17,KG,12.36,032712 - ORELHA DE FIXAÇÃO [CHASSI - FTD5000]
446,120200,"CHAPA GQ 1/4 (1,20 x 4,05m) 1010",Nacional - 0,2.22,KG,16.32,032718 - ORELHA DE FIXAÇÃO [TANQUE SIMPLES - TDV5000]
447,120200,"CHAPA GQ 1/4 (1,20 x 4,05m) 1010",Nacional - 0,0.39,KG,2.87,032719 - REFORÇO DA ORELHA [TANQUE SIMPLES - TDV5000]
448,120203,"BOBINA CHAPA LQ 6.30 X 1,20 1008/1010",Nacional - 0,0.36,KG,2.05,032713 - REFORÇO DA ORELHA [CHASSI - FTD5000]
449,120650,"CHAPA GQ 5/16(7,94) 1010",Nacional - 0,0.2,KG,1.13,025125 - ARRUELA GUIA - IÇAMENTO CARR MELÃO M12/02
450,120157,"CHAPA GQ 3/8 (9,53) 1010",Nacional - 0,0.44,KG,2.49,025821 - ARRUELA INTERNA - COMPL GUIA DO ÊMBOLO - CARR MELÃO
451,120157,"CHAPA GQ 3/8 (9,53) 1010",Nacional - 0,1.11,KG,6.27,414876 - SAPATA EIXO - RODAGEM C2
452,120157,"CHAPA GQ 3/8 (9,53) 1010",Nacional - 0,0.27,KG,1.53,"025829 - ARRUELA EXTERNA [ENGATE RÁPIDO - F4,5]"
453,120545,BOBINA CHAPA LQ 3.00 X 1500 A36/CIVIL300,Nacional - 0,1.69,KG,9.95,032991 - CORRIMAO MENOR [GRADIL - TDV5000]
454,120545,BOBINA CHAPA LQ 3.00 X 1500 A36/CIVIL300,Nacional - 0,0.58,KG,3.41,032989 - COLUNA LATERAL [GRADIL - TDV5000]
455,120545,BOBINA CHAPA LQ 3.00 X 1500 A36/CIVIL300,Nacional - 0,0.14,KG,0.82,032990 - COLUNA CENTRAL [GRADIL - TDV5000]
456,120203,"BOBINA CHAPA LQ 6.30 X 1,20 1008/1010",Nacional - 0,8.96,KG,51.04,034940 - COLUNA DE AJUSTE [FT10500/12500 M23]
457,120203,"BOBINA CHAPA LQ 6.30 X 1,20 1008/1010",Nacional - 0,10.07,KG,57.33,034941 - BASE DO SUPORTE [SUPORTE DO MOTOR - FT10500/12500 M23]
458,120134,"BOBINA CHAPA LQ 2.00 X 1,20 A36/CIVIL300",Nacional - 0,1.44,KG,8.04,034921 - RAMPA DE TRANSIÇÃO [ESTEIRA DIREITA ELEVADA INFERIOR - MCF M23]
459,120303,"CHAPA FQ 3/16 (1,20 x 6,00m) 1010",Nacional - 0,4.43,KG,28.43,032101 - REFORÇO LATERAL DA SAPATA [ TANQUE SIMPLES - TDV5000]
460,120650,"CHAPA GQ 5/16(7,94) 1010",Nacional - 0,0.75,KG,4.28,033949 - ORELHA DO CILINDRO [CBHL6000 M22]
461,120157,"CHAPA GQ 3/8 (9,53) 1010",Nacional - 0,0.21,KG,1.19,034935 - ORELHA [BRAÇO ESTABILIZADOR - MCF M23]
462,120054,"CHAPA GQ 5/8 (15,8) 1010",Nacional - 0,13.6,KG,85.66,034923 - CORPO DA LUVA DE ENGATE [IÇAMENTO SIMPLES - MCF M23]
463,120650,"CHAPA GQ 5/16(7,94) 1010",Nacional - 0,2.95,KG,16.83,034920 - DOBRADIÇA DO CILINDRO MENOR [ESTEIRA DIREITA - MCF M23]
464,120303,"CHAPA FQ 3/16 (1,20 x 6,00m) 1010",Nacional - 0,52.5,KG,336.96,032103 - FECHAMENTO TRASEIRO [CORPO DO TANQUE - TDV5000]
465,120305,"BOBINA CHAPA LQ 4.75 X 1,20 A36/CIVIL300",Nacional - 0,62.45,KG,176.17,032102 - FECHAMENTO DIANTEIRO [CORPO DO TANQUE - FTD5000]
466,120305,"BOBINA CHAPA LQ 4.75 X 1,20 A36/CIVIL300",Nacional - 0,0.09,KG,0.25,412661 - ARRUELA P/RET - EIXO (C) F6
467,120278,"BOBINA CHAPA LQ 3.75 X 1,20 A36/CIVIL300",Nacional - 0,13.32,KG,76.72,034952 - TRANSVERSINA Z [ESTRUTURA DA PLATAFORMA - F4/6]
468,120650,"CHAPA GQ 5/16(7,94) 1010",Nacional - 0,10.37,KG,59.24,026871 - CAPA CUBO DE RODA- APLICADOR DE TNT
469,120203,"BOBINA CHAPA LQ 6.30 X 1,20 1008/1010",Nacional - 0,18.39,KG,104.7,450856 - REFORCO CENTRAL - PLATAF (6000) CBHM
470,120134,"BOBINA CHAPA LQ 2.00 X 1,20 A36/CIVIL300",Nacional - 0,2.91,KG,16.24,034922 - SAIA 02 [MCF16 M23]
471,120134,"BOBINA CHAPA LQ 2.00 X 1,20 A36/CIVIL300",Nacional - 0,0.56,KG,3.12,034916 - SAIA 01 [MCF16 M23]
472,120134,"BOBINA CHAPA LQ 2.00 X 1,20 A36/CIVIL300",Nacional - 0,2.94,KG,16.35,034924 - SAIA 03 [MCF16 M23]
473,120134,"BOBINA CHAPA LQ 2.00 X 1,20 A36/CIVIL300",Nacional - 0,1.18,KG,6.55,034925 - SAIA 04 [MCF16 M23]
474,120145,"CHAPA FF #16 (1,52 x 1000 x 3000) 1010",Nacional - 0,0.95,KG,0.84,028795 - FECHAMENTO DA RODA - TRANSPLANTADEIRA
475,120303,"CHAPA FQ 3/16 (1,20 x 6,00m) 1010",Nacional - 0,0.18,KG,1.16,032710 - REFORÇO SUPORTE FRONTAL [CHASSI - TDV5000]
476,120303,"CHAPA FQ 3/16 (1,20 x 6,00m) 1010",Nacional - 0,2.0,KG,12.84,032711 - FECHAMENTO FRONTAL [CHASSI - FTD5000]
477,120303,"CHAPA FQ 3/16 (1,20 x 6,00m) 1010",Nacional - 0,16.12,KG,103.46,032706 - SUPORTE FRONTAL [CHASSI - TDV5000]
478,120303,"CHAPA FQ 3/16 (1,20 x 6,00m) 1010",Nacional - 0,2.0,KG,12.84,032707 - FECHAMENTO DIANTEIRO [CHASSI - TDV5000]
479,120303,"CHAPA FQ 3/16 (1,20 x 6,00m) 1010",Nacional - 0,0.65,KG,4.17,032708 - FECHAMENTO TRASEIRO [CHASSI - FTD5000]
480,120303,"CHAPA FQ 3/16 (1,20 x 6,00m) 1010",Nacional - 0,0.61,KG,3.89,032714 - SUPORTE DO ENGATE [CHASSI - TDV5000]
481,120303,"CHAPA FQ 3/16 (1,20 x 6,00m) 1010",Nacional - 0,1.06,KG,6.8,032709 - FECHAMENTO DO SUPORTE FRONTAL [CHASSI - TDV5000]
482,120509,"CHAPA GQ 3/4 (19,0) 1010",Nacional - 0,2.81,KG,27.64,034936 - COMPLEMENTO DA HASTE DE FIXAÇÃO [CHASSI - MCF M23]
483,120305,"BOBINA CHAPA LQ 4.75 X 1,20 A36/CIVIL300",Nacional - 0,203.18,KG,573.17,034932 - CHAPEAMENTO MAIOR [CORPO DO TANQUE - FTD5000]
484,120203,"BOBINA CHAPA LQ 6.30 X 1,20 1008/1010",Nacional - 0,0.12,KG,0.7,034957 - FECHAMENTO [BRAÇO ESTABILIZADOR - MCF M23]
485,120303,"CHAPA FQ 3/16 (1,20 x 6,00m) 1010",Nacional - 0,144.52,KG,927.58,034949 - CHAPEAMENTO MENOR [CORPO DO TANQUE - FTD5000]
486,120134,"BOBINA CHAPA LQ 2.00 X 1,20 A36/CIVIL300",Nacional - 0,32.33,KG,180.16,034906 - CHAPEAMENTO [TAMPA LATERAL A45 - CBHL6000 M23]
487,120203,"BOBINA CHAPA LQ 6.30 X 1,20 1008/1010",Nacional - 0,5.08,KG,28.92,034908 - FECHAMENTO FRONTAL [PLATAFORMA - CBHL6000 M23]
488,120157,"CHAPA GQ 3/8 (9,53) 1010",Nacional - 0,6.95,KG,39.29,026797 - CENTRO DA RODA (RODA TRASEIRA) - APLICADOR DE TNT
489,120157,"CHAPA GQ 3/8 (9,53) 1010",Nacional - 0,16.35,KG,92.43,033962 - CORPO DO ENGATE [ENGATE - CBHL6000]
490,120157,"CHAPA GQ 3/8 (9,53) 1010",Nacional - 0,2.0,KG,11.3,033964 - REFORÇO [ENGATE - CBHL6000]
491,120157,"CHAPA GQ 3/8 (9,53) 1010",Nacional - 0,0.52,KG,2.94,025103 - ESBARRO - ENGATE ESPECIAL COM MOLA
492,120157,"CHAPA GQ 3/8 (9,53) 1010",Nacional - 0,6.33,KG,35.78,025810 - COMPLEM INFERIOR - ENGATE ESPECIAL ITAUEIRA (M14)
493,120157,"CHAPA GQ 3/8 (9,53) 1010",Nacional - 0,0.9,KG,5.09,025813 - GUIA VERTICAL - ENGATE ESPECIAL ITAUEIRA (M14)
494,120273,"CHAPA FQ 3,75mm. SAE-1006",Nacional - 0,36.37,KG,227.42,032406 - HASTE TRACAO FTC 4300 -
495,120054,"CHAPA GQ 5/8 (15,8) 1010",Nacional - 0,1.22,KG,7.68,034950 - TRILHO DO ENGATE [IÇAMENTO SIMPLES - MCF M23]
496,120203,"BOBINA CHAPA LQ 6.30 X 1,20 1008/1010",Nacional - 0,1.67,KG,9.49,034977 - HASTE [BRAÇO DE ARTICULAÇÃO 2 - MCF M23]
497,120203,"BOBINA CHAPA LQ 6.30 X 1,20 1008/1010",Nacional - 0,1.24,KG,7.08,034976 - REFORÇO [BRAÇO DE ARTICULAÇÃO 2 - MCF M23]
498,120203,"BOBINA CHAPA LQ 6.30 X 1,20 1008/1010",Nacional - 0,0.81,KG,4.58,034985 - HASTE [BRAÇO DE ARTICULAÇÃO 1 - MCF M23]
499,120203,"BOBINA CHAPA LQ 6.30 X 1,20 1008/1010",Nacional - 0,0.7,KG,4.01,034984 - REFORÇO [BRAÇO DE ARTICULAÇÃO 1 - MCF M23]
500,120650,"CHAPA GQ 5/16(7,94) 1010",Nacional - 0,0.9,KG,5.13,034986 - COMPLEMENTO DO REFORÇO DA DOBRADIÇA DO CILINDRO [ESTEIRA DIREITA - MCF M23]
501,120203,"BOBINA CHAPA LQ 6.30 X 1,20 1008/1010",Nacional - 0,0.41,KG,2.33,025820 - FECHAM TRASEIRO - COMPL GUIA DO ÊMBOLO - CARR MELÃO
502,120305,"BOBINA CHAPA LQ 4.75 X 1,20 A36/CIVIL300",Nacional - 0,1.01,KG,2.85,025579 - FECHAM EIXO F6 (NOV13...)
503,120157,"CHAPA GQ 3/8 (9,53) 1010",Nacional - 0,0.56,KG,3.14,034980 - COMPLEMENTO DO REFORÇO DA DOBRADIÇA [ESTEIRA DIREITA - MCF M23]
504,120203,"BOBINA CHAPA LQ 6.30 X 1,20 1008/1010",Nacional - 0,0.21,KG,1.2,029620 - AFASTADOR - ESTEIRA MÓVEL - MÁQ P/ COLHEITA DE FRUTAS
505,120650,"CHAPA GQ 5/16(7,94) 1010",Nacional - 0,8.1,KG,46.27,027665 - CHAPA RECORTADA LATERAL - ESTEIRA MÓVEL- MÁQ P/ COLHEITA DE FRUTAS
506,120650,"CHAPA GQ 5/16(7,94) 1010",Nacional - 0,0.74,KG,4.23,027682 - CHAPA FIXAÇÃO PINO - ESTEIRA MÓVEL- MÁQ P/ COLHEITA DE FRUTAS
507,120305,"BOBINA CHAPA LQ 4.75 X 1,20 A36/CIVIL300",Nacional - 0,0.29,KG,0.81,034992 - PLACA [FIXAÇÃO DO GRAMPO - MCF M23]
508,120305,"BOBINA CHAPA LQ 4.75 X 1,20 A36/CIVIL300",Nacional - 0,0.42,KG,1.17,034993 - BASE [FIXAÇÃO DO GRAMPO - MCF M23]
509,120054,"CHAPA GQ 5/8 (15,8) 1010",Nacional - 0,1.16,KG,7.29,034991 - COMPLEMENTO DA LUVA DE ENGATE [BARRA ESTABILIZADORA - MCF M23]
510,120278,"BOBINA CHAPA LQ 3.75 X 1,20 A36/CIVIL300",Nacional - 0,0.45,KG,2.59,032104 - PLACA DE REFORÇO INTERNO [CORPO DO TANQUE - TDV5000]
511,120303,"CHAPA FQ 3/16 (1,20 x 6,00m) 1010",Nacional - 0,1.37,KG,8.79,032105 - REFORÇO DIAGONAL INTERNO [CORPO DO TANQUE - TDV5000]
512,120352,"CHAPA GQ 1/2 (12,7) 1010",Nacional - 0,3.71,KG,21.24,032983 - SAPATA DA BOMBA [CHASSI - FTD5000]
513,120054,"CHAPA GQ 5/8 (15,8) 1010",Nacional - 0,1.38,KG,8.69,420062 - SUPORTE INT-SUP EIXO BAL FA4/6
514,120054,"CHAPA GQ 5/8 (15,8) 1010",Nacional - 0,3.26,KG,20.53,422198 - SUPORTE EXT - SUP EIXO BAL FA4/6
515,120278,"BOBINA CHAPA LQ 3.75 X 1,20 A36/CIVIL300",Nacional - 0,20.24,KG,116.61,032542 - TRANSVERSINA CENTRAL [PLATAFORMA - F6C M22]
516,120203,"BOBINA CHAPA LQ 6.30 X 1,20 1008/1010",Nacional - 0,15.33,KG,87.28,034885 - CALOTA [TAMPA TRASEIRA - FTD5000]
517,120545,BOBINA CHAPA LQ 3.00 X 1500 A36/CIVIL300,Nacional - 0,4.17,KG,24.54,032988 - CORRIMAO MAIOR [GRADIL-TDV5000 M22]
518,120352,"CHAPA GQ 1/2 (12,7) 1010",Nacional - 0,0.97,KG,5.55,026851 - CHAPA COM RASGO - CONJ DISCO - APLICADOR DE TNT
519,120203,"BOBINA CHAPA LQ 6.30 X 1,20 1008/1010",Nacional - 0,1.23,KG,7.0,030117 - GUIA MENOR EXTREM 2 - EST INTERMEDIARIA - MÁQ P/ COLHEITA DE FRUTAS
520,120203,"BOBINA CHAPA LQ 6.30 X 1,20 1008/1010",Nacional - 0,3.21,KG,18.28,030116 - GUIA MAIOR EXTREM 2 - EST INTERMEDIARIA - MÁQ P/ COLHEITA DE FRUTAS
521,120203,"BOBINA CHAPA LQ 6.30 X 1,20 1008/1010",Nacional - 0,1.97,KG,11.22,030115 - GUIA MEDIA EXTREM 2 - EST INTERMEDIARIA - MÁQ P/ COLHEITA DE FRUTAS
522,120305,"BOBINA CHAPA LQ 4.75 X 1,20 A36/CIVIL300",Nacional - 0,0.26,KG,0.73,415017 - ABRACAD P/FEIXE MOLAS-ROD U6
523,120203,"BOBINA CHAPA LQ 6.30 X 1,20 1008/1010",Nacional - 0,1.58,KG,9.0,027761 - TIRANTE LATERAL FURADO- ESTEIRA MÓVEL- MÁQ P/ COLHEITA DE FRUTAS
524,120203,"BOBINA CHAPA LQ 6.30 X 1,20 1008/1010",Nacional - 0,0.2,KG,1.14,029091 - TIRANTE MOVIDO DA TRAVA - ESTEIRA MÓVEL- MÁQ P/ COLHEITA DE FRUTAS
525,120157,"CHAPA GQ 3/8 (9,53) 1010",Nacional - 0,2.53,KG,14.3,027585 - CHAPA DE LIGAÇÃO FURADA - ESTEIRA MÓVEL- MÁQ P/ COLHEITA DE FRUTAS
526,120157,"CHAPA GQ 3/8 (9,53) 1010",Nacional - 0,3.08,KG,17.38,035007 - CHAPA DE LIGAÇÃO MAIOR - ESTEIRA MÓVEL- MÁQ P/ COLHEITA DE FRUTAS
527,120352,"CHAPA GQ 1/2 (12,7) 1010",Nacional - 0,14.28,KG,81.74,"035004 - FLANGE [RODA RS ARO 20"" - CBH5/CBHM5000]"
528,120509,"CHAPA GQ 3/4 (19,0) 1010",Nacional - 0,10.07,KG,98.9,034999 - COMPLEMENTO DA HASTE [CHASSI - MCF16]
529,120305,"BOBINA CHAPA LQ 4.75 X 1,20 A36/CIVIL300",Nacional - 0,19.05,KG,53.73,032352 - SUPORTE FRONTAL [CHASSI COMPLETO - CBH]
530,120136,"BOBINA CHAPA LQ 2.25 X 1,20 A36/CIVIL300",Nacional - 0,1.56,KG,9.0,035008 - COLUNA LATERAL DUPLICADA [GRADES LATERAIS/TRASEIRA - F4/F6 MD]
531,120650,"CHAPA GQ 5/16(7,94) 1010",Nacional - 0,3.52,KG,20.1,035010 - REFORÇO DA DOBRADIÇA DO CILINDRO [ESTEIRA DIREITA - MCF M24]
532,120545,BOBINA CHAPA LQ 3.00 X 1500 A36/CIVIL300,Nacional - 0,1.88,KG,11.06,035011 - GUIA UHMW 01 [ESTEIRA DIREITA - MCF M24]
533,120545,BOBINA CHAPA LQ 3.00 X 1500 A36/CIVIL300,Nacional - 0,2.82,KG,16.6,035012 - GUIA UHMW MAIOR [ESTEIRA DIREITA - MCF M24]
534,120157,"CHAPA GQ 3/8 (9,53) 1010",Nacional - 0,1.56,KG,8.84,035013 - REFORÇO EXTERNO DA DOBRADIÇA [ESTEIRA DIREITA - MCF M24]
535,120204,BOBINA CHAPA 3.35 x 1350 LN 500,Nacional - 0,18.89,KG,142.7,035023 - LONGARINA [ESTEIRA ESQUERDA 02 - MCF M24]
536,120545,BOBINA CHAPA LQ 3.00 X 1500 A36/CIVIL300,Nacional - 0,2.35,KG,13.83,035024 - GUIA UHMW [ESTEIRA ESQUERDA 02 - MCF M24]
537,120545,BOBINA CHAPA LQ 3.00 X 1500 A36/CIVIL300,Nacional - 0,3.53,KG,20.76,035027 - GUIA UHMW [ESTEIRA ESQUERDA 02 - MCF M24]
538,120203,"BOBINA CHAPA LQ 6.30 X 1,20 1008/1010",Nacional - 0,0.54,KG,3.06,035018 - BRAÇO DE FIXAÇÃO [SUPORTE DOS AMORTECEDORES - MCF M24]
539,120203,"BOBINA CHAPA LQ 6.30 X 1,20 1008/1010",Nacional - 0,0.87,KG,4.94,035034 - REFORÇO DO ESBARRO DA DOBRADIÇA [ESTEIRA ESQUERDA - MCF M24]
540,120157,"CHAPA GQ 3/8 (9,53) 1010",Nacional - 0,4.93,KG,27.87,035026 - DOBRADIÇA DO CILINDRO [ESTEIRA ESQUERDA 02 - MCF M24]
541,120157,"CHAPA GQ 3/8 (9,53) 1010",Nacional - 0,0.42,KG,2.36,035028 - ARRUELA DE REFORÇO [ESTEIRA ESQUERDA 02 - MCF M24]
542,120157,"CHAPA GQ 3/8 (9,53) 1010",Nacional - 0,1.12,KG,6.33,035029 - REFORÇO MAIOR DA DOBRADIÇA [ESTEIRA ESQUERDA 02 - MCF M24]
543,120157,"CHAPA GQ 3/8 (9,53) 1010",Nacional - 0,0.28,KG,1.58,035030 - REFORÇO MENOR DA DOBRADIÇA [ESTEIRA ESQUERDA 02 - MCF M24]
544,120157,"CHAPA GQ 3/8 (9,53) 1010",Nacional - 0,0.15,KG,0.83,035031 - COMPLEMENTO MAIOR DO REFORÇO [ESTEIRA ESQUERDA 02 - MCF M24]
545,120157,"CHAPA GQ 3/8 (9,53) 1010",Nacional - 0,0.57,KG,3.19,035032 - REFORÇO MÉDIO DA DOBRADIÇA [ESTEIRA ESQUERDA 02 - MCF M24]
546,120157,"CHAPA GQ 3/8 (9,53) 1010",Nacional - 0,0.06,KG,0.32,035033 - COMPLEMENTO MENOR DO REFORÇO [ESTEIRA ESQUERDA 02 - MCF M24]
547,120204,BOBINA CHAPA 3.35 x 1350 LN 500,Nacional - 0,17.55,KG,132.57,035009 - LONGARINA [ESTEIRA DIREITA - MCF M24]
548,120203,"BOBINA CHAPA LQ 6.30 X 1,20 1008/1010",Nacional - 0,21.89,KG,124.64,035014 - REFORÇO DA DOBRADIÇA INTEIRIÇO [ESTEIRA DIREITA - MCF M24]
549,120509,"CHAPA GQ 3/4 (19,0) 1010",Nacional - 0,21.15,KG,207.7,034996 - HASTE DE FIXAÇÃO [CHASSI - MCF M24]
550,120305,"BOBINA CHAPA LQ 4.75 X 1,20 A36/CIVIL300",Nacional - 0,0.07,KG,0.2,"035017 - ARRUEL LISA 1"" CHAPA 3/16"" [ESTEIRA DIREITA 02 - MCF M23]"
551,120204,BOBINA CHAPA 3.35 x 1350 LN 500,Nacional - 0,13.42,KG,101.39,035039 - LONGARINA [ESTEIRA ESQUERDA 04 - MCF M23]
552,120203,"BOBINA CHAPA LQ 6.30 X 1,20 1008/1010",Nacional - 0,1.33,KG,7.57,035038 - DOBRADIÇA MAIOR [ESTEIRA ESQUERDA 03 - MCF M24]
553,120134,"BOBINA CHAPA LQ 2.00 X 1,20 A36/CIVIL300",Nacional - 0,4.23,KG,23.56,033879 - FECHAMENTO TRASEIRO [PROTEÇÃO DA GAIOLA - FT10500]
554,120545,BOBINA CHAPA LQ 3.00 X 1500 A36/CIVIL300,Nacional - 0,0.11,KG,0.65,030614 - REFORÇO INTERNO DO ENGATE - PLATAFORMA CBHM/CBH
555,120545,BOBINA CHAPA LQ 3.00 X 1500 A36/CIVIL300,Nacional - 0,0.63,KG,3.7,"025886 - COLUNA INTERMEDIÁRIA DO GIGANTE S3,20M"
556,120278,"BOBINA CHAPA LQ 3.75 X 1,20 A36/CIVIL300",Nacional - 0,3.13,KG,17.96,494501 - ABA LATERAL TAMPA TRAS (4500) CBHM
557,120273,"CHAPA FQ 3,75mm. SAE-1006",Nacional - 0,30.67,KG,191.78,025664 - HASTE TRACAO C/F (M98) - FA FB (NOV13...)
558,120305,"BOBINA CHAPA LQ 4.75 X 1,20 A36/CIVIL300",Nacional - 0,12.11,KG,34.16,032099 - COLARINHO TRASEIRO [TANQUE SIMPLES - TDV5000]
559,120134,"BOBINA CHAPA LQ 2.00 X 1,20 A36/CIVIL300",Nacional - 0,24.88,KG,138.64,014539 - CHAP SUP TAMPA TRAS M09 (10.000) CBHM
560,120134,"BOBINA CHAPA LQ 2.00 X 1,20 A36/CIVIL300",Nacional - 0,21.17,KG,117.95,464259 - CHAPEAM INFERIOR - TAMP TRAS (8000) CBH
561,120545,BOBINA CHAPA LQ 3.00 X 1500 A36/CIVIL300,Nacional - 0,0.36,KG,2.12,032669 - REFORÇO MAIOR [GAIOLA KIT INCENDIO - FTC]
562,120305,"BOBINA CHAPA LQ 4.75 X 1,20 A36/CIVIL300",Nacional - 0,0.78,KG,2.2,480680 - REFORÇO TRAS - CHASSI FA
563,120305,"BOBINA CHAPA LQ 4.75 X 1,20 A36/CIVIL300",Nacional - 0,0.27,KG,0.76,446841 - REFORCO CHASSI (M98) F4/6
564,120545,BOBINA CHAPA LQ 3.00 X 1500 A36/CIVIL300,Nacional - 0,10.67,KG,62.79,"025556 - TRANSVERSINA INTERMED - PLATAFORMA - S3,2/4,0M"
565,120545,BOBINA CHAPA LQ 3.00 X 1500 A36/CIVIL300,Nacional - 0,10.77,KG,63.37,"025557 - TRANSVERSINA TRASEIRA- PLATAFORMA - S4,0M"
